tech,class,year,capcost,fom,vom,heatrate,fuelprice
Gas-CT,1,2010,996.7821695,11.6,4.58,10.2225,5.951629565
Gas-CT,1,2011,992.2120442,11.6,4.58,10.16785714,5.438768425
Gas-CT,1,2012,987.6419188,11.6,4.58,10.11321429,3.842522513
Gas-CT,1,2013,983.0717935,11.6,4.58,10.05857143,4.846292925
Gas-CT,1,2014,978.5016682,11.6,4.58,10.00392857,5.487604938
Gas-CT,1,2015,973.9315428,11.6,4.58,9.949285714,3.417602236
Gas-CT,1,2016,969.3614175,11.6,4.58,9.894642857,2.986412593
Gas-CT,1,2017,964.7912922,11.6,4.58,9.5145,3.477399177
Gas-CT,1,2018,960.2211668,11.6,4.58,9.5145,3.450359753
Gas-CT,1,2019,955.6510415,11.6,4.58,9.5145,2.802867537
Gas-CT,1,2020,951.0809162,11.6,4.58,9.5145,2.593194396
Gas-CT,1,2021,946.5107909,11.6,4.58,9.5145,2.758602045
Gas-CT,1,2022,941.9406655,11.6,4.58,9.5145,2.75296137
Gas-CT,1,2023,931.1162913,11.6,4.58,9.5145,2.822745428
Gas-CT,1,2024,914.3799868,11.6,4.58,9.5145,2.970733114
Gas-CT,1,2025,903.329035,11.6,4.58,9.5145,3.254754983
Gas-CT,1,2026,896.6626059,11.6,4.58,9.5145,3.472819469
Gas-CT,1,2027,889.4671488,11.6,4.58,9.5145,3.604828147
Gas-CT,1,2028,884.7713698,11.6,4.58,9.5145,3.675279579
Gas-CT,1,2029,881.6097752,11.6,4.58,9.5145,3.665588242
Gas-CT,1,2030,877.2149839,11.6,4.58,9.5145,3.593920614
Gas-CT,1,2031,873.4488813,11.6,4.58,9.5145,3.560568193
Gas-CT,1,2032,869.4200714,11.6,4.58,9.5145,3.585142584
Gas-CT,1,2033,864.8218097,11.6,4.58,9.5145,3.654566366
Gas-CT,1,2034,861.4980241,11.6,4.58,9.5145,3.710963834
Gas-CT,1,2035,859.1014047,11.6,4.58,9.5145,3.705710524
Gas-CT,1,2036,855.8603205,11.6,4.58,9.5145,3.704953126
Gas-CT,1,2037,853.8694196,11.6,4.58,9.5145,3.746519275
Gas-CT,1,2038,851.5553662,11.6,4.58,9.5145,3.76977471
Gas-CT,1,2039,848.5777875,11.6,4.58,9.5145,3.776991931
Gas-CT,1,2040,845.4366183,11.6,4.58,9.5145,3.785677124
Gas-CT,1,2041,843.7756392,11.6,4.58,9.5145,3.784534222
Gas-CT,1,2042,840.953904,11.6,4.58,9.5145,3.793216306
Gas-CT,1,2043,838.7101963,11.6,4.58,9.5145,3.80629931
Gas-CT,1,2044,836.4269222,11.6,4.58,9.5145,3.823682484
Gas-CT,1,2045,834.6136,11.6,4.58,9.5145,3.837238731
Gas-CT,1,2046,831.2780374,11.6,4.58,9.5145,3.883611314
Gas-CT,1,2047,829.0402258,11.6,4.58,9.5145,3.93961842
Gas-CT,1,2048,826.768189,11.6,4.58,9.5145,3.978429904
Gas-CT,1,2049,824.478841,11.6,4.58,9.5145,4.004995194
Gas-CT,1,2050,815.0884748,11.6,4.58,9.5145,4.062737187
Gas-CC,1,2010,1150.625575,13.095,2.2,6.5375,5.951629565
Gas-CC,1,2011,1139.690974,13.095,2.2,6.525,5.438768425
Gas-CC,1,2012,1128.756373,13.095,2.2,6.5125,3.842522513
Gas-CC,1,2013,1117.821773,13.095,2.2,6.5,4.846292925
Gas-CC,1,2014,1106.887172,13.095,2.2,6.4875,5.487604938
Gas-CC,1,2015,1095.952572,13.095,2.2,6.475,3.417602236
Gas-CC,1,2016,1085.017971,13.095,2.2,6.4625,2.986412593
Gas-CC,1,2017,1074.08337,13.095,2.2,6.4005,3.477399177
Gas-CC,1,2018,1063.14877,13.095,2.2,6.4005,3.450359753
Gas-CC,1,2019,1052.214169,13.095,2.2,6.4005,2.802867537
Gas-CC,1,2020,1041.279569,13.095,2.2,6.4005,2.593194396
Gas-CC,1,2021,1030.344968,13.095,2.2,6.4005,2.758602045
Gas-CC,1,2022,1019.410367,13.095,2.2,6.4005,2.75296137
Gas-CC,1,2023,1008.475767,13.095,2.2,6.4005,2.822745428
Gas-CC,1,2024,994.6138128,13.095,2.2,6.4005,2.970733114
Gas-CC,1,2025,984.681342,13.095,2.2,6.4005,3.254754983
Gas-CC,1,2026,978.8060925,13.095,2.2,6.4005,3.472819469
Gas-CC,1,2027,972.3487098,13.095,2.2,6.4005,3.604828147
Gas-CC,1,2028,968.0317725,13.095,2.2,6.4005,3.675279579
Gas-CC,1,2029,964.8856821,13.095,2.2,6.4005,3.665588242
Gas-CC,1,2030,960.487573,13.095,2.2,6.4005,3.593920614
Gas-CC,1,2031,956.662639,13.095,2.2,6.4005,3.560568193
Gas-CC,1,2032,952.541065,13.095,2.2,6.4005,3.585142584
Gas-CC,1,2033,947.9219578,13.095,2.2,6.4005,3.654566366
Gas-CC,1,2034,944.6008139,13.095,2.2,6.4005,3.710963834
Gas-CC,1,2035,941.9556119,13.095,2.2,6.4005,3.705710524
Gas-CC,1,2036,938.2830204,13.095,2.2,6.4005,3.704953126
Gas-CC,1,2037,935.9810048,13.095,2.2,6.4005,3.746519275
Gas-CC,1,2038,933.3246276,13.095,2.2,6.4005,3.76977471
Gas-CC,1,2039,929.941169,13.095,2.2,6.4005,3.776991931
Gas-CC,1,2040,926.3785016,13.095,2.2,6.4005,3.785677124
Gas-CC,1,2041,924.4378335,13.095,2.2,6.4005,3.784534222
Gas-CC,1,2042,921.2254182,13.095,2.2,6.4005,3.793216306
Gas-CC,1,2043,918.6461609,13.095,2.2,6.4005,3.80629931
Gas-CC,1,2044,916.0235805,13.095,2.2,6.4005,3.823682484
Gas-CC,1,2045,913.9155973,13.095,2.2,6.4005,3.837238731
Gas-CC,1,2046,910.1407763,13.095,2.2,6.4005,3.883611314
Gas-CC,1,2047,907.5679206,13.095,2.2,6.4005,3.93961842
Gas-CC,1,2048,904.9574829,13.095,2.2,6.4005,3.978429904
Gas-CC,1,2049,902.3281872,13.095,2.2,6.4005,4.004995194
Gas-CC,1,2050,891.9284859,13.095,2.2,6.4005,4.062737187
Gas-CC-CCS,1,2010,3030.828172,27.48,5.82,7.541,5.951629565
Gas-CC-CCS,1,2011,2991.207669,27.48,5.82,7.538714286,5.438768425
Gas-CC-CCS,1,2012,2951.587167,27.48,5.82,7.536428571,3.842522513
Gas-CC-CCS,1,2013,2911.966665,27.48,5.82,7.534142857,4.846292925
Gas-CC-CCS,1,2014,2872.346162,27.48,5.82,7.531857143,5.487604938
Gas-CC-CCS,1,2015,2832.72566,27.48,5.82,7.529571429,3.417602236
Gas-CC-CCS,1,2016,2793.105158,27.48,5.82,7.527285714,2.986412593
Gas-CC-CCS,1,2017,2753.484655,27.48,5.82,7.525,3.477399177
Gas-CC-CCS,1,2018,2713.864153,27.48,5.82,7.525,3.450359753
Gas-CC-CCS,1,2019,2674.243651,27.48,5.82,7.525,2.802867537
Gas-CC-CCS,1,2020,2634.623148,27.48,5.82,7.525,2.593194396
Gas-CC-CCS,1,2021,2595.002646,27.48,5.82,7.525,2.758602045
Gas-CC-CCS,1,2022,2555.382144,27.48,5.82,7.525,2.75296137
Gas-CC-CCS,1,2023,2515.761641,27.48,5.82,7.525,2.822745428
Gas-CC-CCS,1,2024,2457.763921,27.48,5.82,7.525,2.970733114
Gas-CC-CCS,1,2025,2416.706988,27.48,5.82,7.525,3.254754983
Gas-CC-CCS,1,2026,2387.937255,27.48,5.82,7.525,3.472819469
Gas-CC-CCS,1,2027,2357.744518,27.48,5.82,7.525,3.604828147
Gas-CC-CCS,1,2028,2334.666464,27.48,5.82,7.525,3.675279579
Gas-CC-CCS,1,2029,2316.071312,27.48,5.82,7.525,3.665588242
Gas-CC-CCS,1,2030,2294.13792,27.48,5.82,7.525,3.593920614
Gas-CC-CCS,1,2031,2273.961397,27.48,5.82,7.525,3.560568193
Gas-CC-CCS,1,2032,2253.110759,27.48,5.82,7.525,3.585142584
Gas-CC-CCS,1,2033,2230.657568,27.48,5.82,7.525,3.654566366
Gas-CC-CCS,1,2034,2211.596878,27.48,5.82,7.525,3.710963834
Gas-CC-CCS,1,2035,2195.290624,27.48,5.82,7.525,3.705710524
Gas-CC-CCS,1,2036,2176.951848,27.48,5.82,7.525,3.704953126
Gas-CC-CCS,1,2037,2161.798414,27.48,5.82,7.525,3.746519275
Gas-CC-CCS,1,2038,2145.820548,27.48,5.82,7.525,3.76977471
Gas-CC-CCS,1,2039,2128.176293,27.48,5.82,7.525,3.776991931
Gas-CC-CCS,1,2040,2110.137474,27.48,5.82,7.525,3.785677124
Gas-CC-CCS,1,2041,2095.793423,27.48,5.82,7.525,3.784534222
Gas-CC-CCS,1,2042,2078.56236,27.48,5.82,7.525,3.793216306
Gas-CC-CCS,1,2043,2062.762877,27.48,5.82,7.525,3.80629931
Gas-CC-CCS,1,2044,2046.862736,27.48,5.82,7.525,3.823682484
Gas-CC-CCS,1,2045,2032.104007,27.48,5.82,7.525,3.837238731
Gas-CC-CCS,1,2046,2013.643315,27.48,5.82,7.525,3.883611314
Gas-CC-CCS,1,2047,1997.850861,27.48,5.82,7.525,3.93961842
Gas-CC-CCS,1,2048,1981.972539,27.48,5.82,7.525,3.978429904
Gas-CC-CCS,1,2049,1966.049825,27.48,5.82,7.525,4.004995194
Gas-CC-CCS,1,2050,1933.281535,27.48,5.82,7.525,4.062737187
Coal-new,1,2010,3708.757714,40.41,4.48,8.83,2.675465376
Coal-new,1,2011,3703.663442,40.41,4.48,8.825714286,2.780449446
Coal-new,1,2012,3698.56917,40.41,4.48,8.821428571,2.869091446
Coal-new,1,2013,3693.474898,40.41,4.48,8.817142857,2.744361864
Coal-new,1,2014,3688.380625,40.41,4.48,8.812857143,2.621587518
Coal-new,1,2015,3683.286353,40.41,4.48,8.808571429,2.491550156
Coal-new,1,2016,3678.192081,40.41,4.48,8.804285714,2.333389518
Coal-new,1,2017,3673.097809,40.41,4.48,8.638,2.191604354
Coal-new,1,2018,3668.003537,40.41,4.48,8.638,2.240780654
Coal-new,1,2019,3662.909264,40.41,4.48,8.638,2.159474778
Coal-new,1,2020,3657.814992,40.41,4.48,8.638,2.177484778
Coal-new,1,2021,3652.72072,40.41,4.48,8.638,2.136209333
Coal-new,1,2022,3647.626448,40.41,4.48,8.638,2.085169778
Coal-new,1,2023,3642.532175,40.41,4.48,8.638,2.072865222
Coal-new,1,2024,3637.437903,40.41,4.48,8.638,2.063393556
Coal-new,1,2025,3623.039535,40.41,4.48,8.638,2.058443667
Coal-new,1,2026,3616.004012,40.41,4.48,8.638,2.062079778
Coal-new,1,2027,3606.767416,40.41,4.48,8.638,2.074635889
Coal-new,1,2028,3599.285159,40.41,4.48,8.638,2.052668111
Coal-new,1,2029,3590.854549,40.41,4.48,8.638,2.052615778
Coal-new,1,2030,3578.786097,40.41,4.48,8.638,2.052457222
Coal-new,1,2031,3567.648046,40.41,4.48,8.638,2.049399444
Coal-new,1,2032,3555.313829,40.41,4.48,8.638,2.043886778
Coal-new,1,2033,3542.439203,40.41,4.48,8.638,2.048710444
Coal-new,1,2034,3533.382477,40.41,4.48,8.638,2.045945889
Coal-new,1,2035,3523.307524,40.41,4.48,8.638,2.038300333
Coal-new,1,2036,3508.330774,40.41,4.48,8.638,2.036543222
Coal-new,1,2037,3498.479225,40.41,4.48,8.638,2.040791222
Coal-new,1,2038,3487.302671,40.41,4.48,8.638,2.035195667
Coal-new,1,2039,3473.40993,40.41,4.48,8.638,2.034481333
Coal-new,1,2040,3458.85007,40.41,4.48,8.638,2.028039778
Coal-new,1,2041,3450.346279,40.41,4.48,8.638,2.028212
Coal-new,1,2042,3437.095601,40.41,4.48,8.638,2.031139444
Coal-new,1,2043,3426.207269,40.41,4.48,8.638,2.031958667
Coal-new,1,2044,3415.15697,40.41,4.48,8.638,2.033968778
Coal-new,1,2045,3406.023734,40.41,4.48,8.638,2.038699667
Coal-new,1,2046,3390.679499,40.41,4.48,8.638,2.038236667
Coal-new,1,2047,3379.814132,40.41,4.48,8.638,2.040532778
Coal-new,1,2048,3368.808387,40.41,4.48,8.638,2.039988111
Coal-new,1,2049,3357.73235,40.41,4.48,8.638,2.036796889
Coal-new,1,2050,3317.751211,40.41,4.48,8.638,2.037390778
coal-CCS,1,2010,6217.902502,59.29,10.93,12.8465,2.675465376
coal-CCS,1,2011,6195.341751,59.29,10.93,12.67557143,2.780449446
coal-CCS,1,2012,6172.781,59.29,10.93,12.50464286,2.869091446
coal-CCS,1,2013,6150.22025,59.29,10.93,12.33371429,2.744361864
coal-CCS,1,2014,6127.659499,59.29,10.93,12.16278571,2.621587518
coal-CCS,1,2015,6105.098749,59.29,10.93,11.99185714,2.491550156
coal-CCS,1,2016,6082.537998,59.29,10.93,11.82092857,2.333389518
coal-CCS,1,2017,6059.977247,59.29,10.93,12.507,2.191604354
coal-CCS,1,2018,6037.416497,59.29,10.93,12.507,2.240780654
coal-CCS,1,2019,6014.855746,59.29,10.93,12.507,2.159474778
coal-CCS,1,2020,5992.294995,59.29,10.93,12.507,2.177484778
coal-CCS,1,2021,5969.734245,59.29,10.93,12.507,2.136209333
coal-CCS,1,2022,5947.173494,59.29,10.93,12.507,2.085169778
coal-CCS,1,2023,5924.612744,59.29,10.93,12.507,2.072865222
coal-CCS,1,2024,5902.051993,59.29,10.93,12.507,2.063393556
coal-CCS,1,2025,5864.379103,59.29,10.93,12.507,2.058443667
coal-CCS,1,2026,5838.618429,59.29,10.93,12.507,2.062079778
coal-CCS,1,2027,5809.276328,59.29,10.93,12.507,2.074635889
coal-CCS,1,2028,5782.734261,59.29,10.93,12.507,2.052668111
coal-CCS,1,2029,5754.640333,59.29,10.93,12.507,2.052615778
coal-CCS,1,2030,5720.704774,59.29,10.93,12.507,2.052457222
coal-CCS,1,2031,5688.258635,59.29,10.93,12.507,2.049399444
coal-CCS,1,2032,5653.906338,59.29,10.93,12.507,2.043886778
coal-CCS,1,2033,5618.70318,59.29,10.93,12.507,2.048710444
coal-CCS,1,2034,5589.550805,59.29,10.93,12.507,2.045945889
coal-CCS,1,2035,5558.770309,59.29,10.93,12.507,2.038300333
coal-CCS,1,2036,5520.26534,59.29,10.93,12.507,2.036543222
coal-CCS,1,2037,5489.832457,59.29,10.93,12.507,2.040791222
coal-CCS,1,2038,5457.311419,59.29,10.93,12.507,2.035195667
coal-CCS,1,2039,5420.547609,59.29,10.93,12.507,2.034481333
coal-CCS,1,2040,5382.766731,59.29,10.93,12.507,2.028039778
coal-CCS,1,2041,5354.41064,59.29,10.93,12.507,2.028212
coal-CCS,1,2042,5318.680829,59.29,10.93,12.507,2.031139444
coal-CCS,1,2043,5286.612132,59.29,10.93,12.507,2.031958667
coal-CCS,1,2044,5254.289404,59.29,10.93,12.507,2.033968778
coal-CCS,1,2045,5224.901461,59.29,10.93,12.507,2.038699667
coal-CCS,1,2046,5185.992869,59.29,10.93,12.507,2.038236667
coal-CCS,1,2047,5153.949876,59.29,10.93,12.507,2.040532778
coal-CCS,1,2048,5121.686663,59.29,10.93,12.507,2.039988111
coal-CCS,1,2049,5089.311048,59.29,10.93,12.507,2.036796889
coal-CCS,1,2050,5013.255671,59.29,10.93,12.507,2.037390778
Nuclear,1,2010,6489.617772,121.13,2.36,10.461,0.893236564
Nuclear,1,2011,6457.787158,121.13,2.36,10.461,0.881326744
Nuclear,1,2012,6425.956545,121.13,2.36,10.461,0.892539028
Nuclear,1,2013,6394.125931,121.13,2.36,10.461,0.830217101
Nuclear,1,2014,6362.295318,121.13,2.36,10.461,0.83689445
Nuclear,1,2015,6330.464704,121.13,2.36,10.461,0.575501835
Nuclear,1,2016,6298.634091,121.13,2.36,10.461,0.673411072
Nuclear,1,2017,6266.803477,121.13,2.36,10.461,0.674453504
Nuclear,1,2018,6234.972864,121.13,2.36,10.461,0.676538368
Nuclear,1,2019,6203.14225,121.13,2.36,10.461,0.676258
Nuclear,1,2020,6171.311637,121.13,2.36,10.461,0.678339
Nuclear,1,2021,6139.481023,121.13,2.36,10.461,0.679379
Nuclear,1,2022,6107.65041,121.13,2.36,10.461,0.68042
Nuclear,1,2023,6075.819796,121.13,2.36,10.461,0.682501
Nuclear,1,2024,6043.989183,121.13,2.36,10.461,0.683541
Nuclear,1,2025,6012.158569,121.13,2.36,10.461,0.685622
Nuclear,1,2026,5980.327956,121.13,2.36,10.461,0.686662
Nuclear,1,2027,5944.818297,121.13,2.36,10.461,0.687703
Nuclear,1,2028,5912.165847,121.13,2.36,10.461,0.688743
Nuclear,1,2029,5877.914497,121.13,2.36,10.461,0.690824
Nuclear,1,2030,5837.693129,121.13,2.36,10.461,0.692905
Nuclear,1,2031,5798.990573,121.13,2.36,10.461,0.693945
Nuclear,1,2032,5758.34604,121.13,2.36,10.461,0.696026
Nuclear,1,2033,5716.838961,121.13,2.36,10.461,0.698107
Nuclear,1,2034,5681.486158,121.13,2.36,10.461,0.699147
Nuclear,1,2035,5644.471722,121.13,2.36,10.461,0.701228
Nuclear,1,2036,5599.616959,121.13,2.36,10.461,0.703309
Nuclear,1,2037,5562.953732,121.13,2.36,10.461,0.704349
Nuclear,1,2038,5524.169791,121.13,2.36,10.461,0.70643
Nuclear,1,2039,5481.095717,121.13,2.36,10.461,0.708511
Nuclear,1,2040,5437.001376,121.13,2.36,10.461,0.710591
Nuclear,1,2041,5402.426804,121.13,2.36,10.461,0.711632
Nuclear,1,2042,5360.411216,121.13,2.36,10.461,0.713712
Nuclear,1,2043,5322.086749,121.13,2.36,10.461,0.715793
Nuclear,1,2044,5283.50418,121.13,2.36,10.461,0.717874
Nuclear,1,2045,5247.869245,121.13,2.36,10.461,0.719955
Nuclear,1,2046,5202.672625,121.13,2.36,10.461,0.722036
Nuclear,1,2047,5164.369127,121.13,2.36,10.461,0.724117
Nuclear,1,2048,5125.843253,121.13,2.36,10.461,0.726197
Nuclear,1,2049,5087.203671,121.13,2.36,10.461,0.728278
Nuclear,1,2050,5004.954381,121.13,2.36,10.461,0.730359
Wind,1,2010,1677.4769,43.2054,0,0,0
Wind,1,2011,1677.4769,43.2054,0,0,0
Wind,1,2012,1677.4769,43.2054,0,0,0
Wind,1,2013,1677.4769,43.2054,0,0,0
Wind,1,2014,1677.4769,43.2054,0,0,0
Wind,1,2015,1677.4769,43.2054,0,0,0
Wind,1,2016,1677.4769,43.2054,0,0,0
Wind,1,2017,1677.4769,43.2054,0,0,0
Wind,1,2018,1677.4769,43.2054,0,0,0
Wind,1,2019,1643.064,42.8508,0,0,0
Wind,1,2020,1608.3346,42.4962,0,0,0
Wind,1,2021,1573.2888,42.1415,0,0,0
Wind,1,2022,1537.9266,41.7869,0,0,0
Wind,1,2023,1502.2478,41.4323,0,0,0
Wind,1,2024,1466.2527,41.0777,0,0,0
Wind,1,2025,1429.941,40.7231,0,0,0
Wind,1,2026,1393.313,40.3685,0,0,0
Wind,1,2027,1356.3684,40.0138,0,0,0
Wind,1,2028,1319.1074,39.6592,0,0,0
Wind,1,2029,1281.53,39.3046,0,0,0
Wind,1,2030,1243.6361,38.95,0,0,0
Wind,1,2031,1230.8054,38.6579,0,0,0
Wind,1,2032,1217.9572,38.3658,0,0,0
Wind,1,2033,1205.0915,38.0736,0,0,0
Wind,1,2034,1192.2084,37.7815,0,0,0
Wind,1,2035,1179.3078,37.4894,0,0,0
Wind,1,2036,1166.3897,37.1973,0,0,0
Wind,1,2037,1153.4541,36.9051,0,0,0
Wind,1,2038,1140.5011,36.613,0,0,0
Wind,1,2039,1127.5306,36.3209,0,0,0
Wind,1,2040,1114.5426,36.0288,0,0,0
Wind,1,2041,1101.5372,35.7366,0,0,0
Wind,1,2042,1088.5142,35.4445,0,0,0
Wind,1,2043,1075.4738,35.1524,0,0,0
Wind,1,2044,1062.416,34.8603,0,0,0
Wind,1,2045,1049.3406,34.5681,0,0,0
Wind,1,2046,1036.2478,34.276,0,0,0
Wind,1,2047,1023.1375,33.9839,0,0,0
Wind,1,2048,1010.0098,33.6917,0,0,0
Wind,1,2049,996.8645,33.3996,0,0,0
Wind,1,2050,983.7018,33.1075,0,0,0
Wind,2,2010,1546.0683,43.2054,0,0,0
Wind,2,2011,1546.0683,43.2054,0,0,0
Wind,2,2012,1546.0683,43.2054,0,0,0
Wind,2,2013,1546.0683,43.2054,0,0,0
Wind,2,2014,1546.0683,43.2054,0,0,0
Wind,2,2015,1546.0683,43.2054,0,0,0
Wind,2,2016,1546.0683,43.2054,0,0,0
Wind,2,2017,1546.0683,43.2054,0,0,0
Wind,2,2018,1546.0683,43.2054,0,0,0
Wind,2,2019,1517.8708,42.8508,0,0,0
Wind,2,2020,1489.1835,42.4962,0,0,0
Wind,2,2021,1460.0063,42.1415,0,0,0
Wind,2,2022,1430.3394,41.7869,0,0,0
Wind,2,2023,1400.1826,41.4323,0,0,0
Wind,2,2024,1369.5361,41.0777,0,0,0
Wind,2,2025,1338.3998,40.7231,0,0,0
Wind,2,2026,1306.7737,40.3685,0,0,0
Wind,2,2027,1274.6578,40.0138,0,0,0
Wind,2,2028,1242.052,39.6592,0,0,0
Wind,2,2029,1208.9565,39.3046,0,0,0
Wind,2,2030,1175.3712,38.95,0,0,0
Wind,2,2031,1163.4405,38.6579,0,0,0
Wind,2,2032,1151.4843,38.3658,0,0,0
Wind,2,2033,1139.5028,38.0736,0,0,0
Wind,2,2034,1127.4957,37.7815,0,0,0
Wind,2,2035,1115.4633,37.4894,0,0,0
Wind,2,2036,1103.4054,37.1973,0,0,0
Wind,2,2037,1091.3221,36.9051,0,0,0
Wind,2,2038,1079.2133,36.613,0,0,0
Wind,2,2039,1067.0791,36.3209,0,0,0
Wind,2,2040,1054.9195,36.0288,0,0,0
Wind,2,2041,1042.7345,35.7366,0,0,0
Wind,2,2042,1030.524,35.4445,0,0,0
Wind,2,2043,1018.2881,35.1524,0,0,0
Wind,2,2044,1006.0267,34.8603,0,0,0
Wind,2,2045,993.74,34.5681,0,0,0
Wind,2,2046,981.4277,34.276,0,0,0
Wind,2,2047,969.0901,33.9839,0,0,0
Wind,2,2048,956.727,33.6917,0,0,0
Wind,2,2049,944.3385,33.3996,0,0,0
Wind,2,2050,931.9246,33.1075,0,0,0
Wind,3,2010,1503.861,43.2054,0,0,0
Wind,3,2011,1503.861,43.2054,0,0,0
Wind,3,2012,1503.861,43.2054,0,0,0
Wind,3,2013,1503.861,43.2054,0,0,0
Wind,3,2014,1503.861,43.2054,0,0,0
Wind,3,2015,1503.861,43.2054,0,0,0
Wind,3,2016,1503.861,43.2054,0,0,0
Wind,3,2017,1503.861,43.2054,0,0,0
Wind,3,2018,1503.861,43.2054,0,0,0
Wind,3,2019,1479.9121,42.8508,0,0,0
Wind,3,2020,1455.3404,42.4962,0,0,0
Wind,3,2021,1430.1459,42.1415,0,0,0
Wind,3,2022,1404.3287,41.7869,0,0,0
Wind,3,2023,1377.8887,41.4323,0,0,0
Wind,3,2024,1350.8259,41.0777,0,0,0
Wind,3,2025,1323.1404,40.7231,0,0,0
Wind,3,2026,1294.8321,40.3685,0,0,0
Wind,3,2027,1265.901,40.0138,0,0,0
Wind,3,2028,1236.3472,39.6592,0,0,0
Wind,3,2029,1206.1706,39.3046,0,0,0
Wind,3,2030,1175.3712,38.95,0,0,0
Wind,3,2031,1163.5399,38.6579,0,0,0
Wind,3,2032,1151.674,38.3658,0,0,0
Wind,3,2033,1139.7736,38.0736,0,0,0
Wind,3,2034,1127.8386,37.7815,0,0,0
Wind,3,2035,1115.8691,37.4894,0,0,0
Wind,3,2036,1103.8651,37.1973,0,0,0
Wind,3,2037,1091.8265,36.9051,0,0,0
Wind,3,2038,1079.7534,36.613,0,0,0
Wind,3,2039,1067.6457,36.3209,0,0,0
Wind,3,2040,1055.5035,36.0288,0,0,0
Wind,3,2041,1043.3267,35.7366,0,0,0
Wind,3,2042,1031.1154,35.4445,0,0,0
Wind,3,2043,1018.8696,35.1524,0,0,0
Wind,3,2044,1006.5892,34.8603,0,0,0
Wind,3,2045,994.2743,34.5681,0,0,0
Wind,3,2046,981.9248,34.276,0,0,0
Wind,3,2047,969.5408,33.9839,0,0,0
Wind,3,2048,957.1223,33.6917,0,0,0
Wind,3,2049,944.6692,33.3996,0,0,0
Wind,3,2050,932.1815,33.1075,0,0,0
Wind,4,2010,1490.7593,43.2054,0,0,0
Wind,4,2011,1490.7593,43.2054,0,0,0
Wind,4,2012,1490.7593,43.2054,0,0,0
Wind,4,2013,1490.7593,43.2054,0,0,0
Wind,4,2014,1490.7593,43.2054,0,0,0
Wind,4,2015,1490.7593,43.2054,0,0,0
Wind,4,2016,1490.7593,43.2054,0,0,0
Wind,4,2017,1490.7593,43.2054,0,0,0
Wind,4,2018,1490.7593,43.2054,0,0,0
Wind,4,2019,1468.3795,42.8508,0,0,0
Wind,4,2020,1445.29,42.4962,0,0,0
Wind,4,2021,1421.4911,42.1415,0,0,0
Wind,4,2022,1396.9826,41.7869,0,0,0
Wind,4,2023,1371.7645,41.4323,0,0,0
Wind,4,2024,1345.837,41.0777,0,0,0
Wind,4,2025,1319.1999,40.7231,0,0,0
Wind,4,2026,1291.8532,40.3685,0,0,0
Wind,4,2027,1263.797,40.0138,0,0,0
Wind,4,2028,1235.0313,39.6592,0,0,0
Wind,4,2029,1205.556,39.3046,0,0,0
Wind,4,2030,1175.3712,38.95,0,0,0
Wind,4,2031,1163.9691,38.6579,0,0,0
Wind,4,2032,1152.5238,38.3658,0,0,0
Wind,4,2033,1141.0354,38.0736,0,0,0
Wind,4,2034,1129.5039,37.7815,0,0,0
Wind,4,2035,1117.9292,37.4894,0,0,0
Wind,4,2036,1106.3113,37.1973,0,0,0
Wind,4,2037,1094.6504,36.9051,0,0,0
Wind,4,2038,1082.9462,36.613,0,0,0
Wind,4,2039,1071.199,36.3209,0,0,0
Wind,4,2040,1059.4085,36.0288,0,0,0
Wind,4,2041,1047.575,35.7366,0,0,0
Wind,4,2042,1035.6983,35.4445,0,0,0
Wind,4,2043,1023.7785,35.1524,0,0,0
Wind,4,2044,1011.8155,34.8603,0,0,0
Wind,4,2045,999.8093,34.5681,0,0,0
Wind,4,2046,987.7601,34.276,0,0,0
Wind,4,2047,975.6677,33.9839,0,0,0
Wind,4,2048,963.5321,33.6917,0,0,0
Wind,4,2049,951.3534,33.3996,0,0,0
Wind,4,2050,939.1316,33.1075,0,0,0
Wind,5,2010,1537.7104,43.2054,0,0,0
Wind,5,2011,1537.7104,43.2054,0,0,0
Wind,5,2012,1537.7104,43.2054,0,0,0
Wind,5,2013,1537.7104,43.2054,0,0,0
Wind,5,2014,1537.7104,43.2054,0,0,0
Wind,5,2015,1537.7104,43.2054,0,0,0
Wind,5,2016,1537.7104,43.2054,0,0,0
Wind,5,2017,1537.7104,43.2054,0,0,0
Wind,5,2018,1537.7104,43.2054,0,0,0
Wind,5,2019,1512.2856,42.8508,0,0,0
Wind,5,2020,1485.9934,42.4962,0,0,0
Wind,5,2021,1458.834,42.1415,0,0,0
Wind,5,2022,1430.8074,41.7869,0,0,0
Wind,5,2023,1401.9134,41.4323,0,0,0
Wind,5,2024,1372.1521,41.0777,0,0,0
Wind,5,2025,1341.5235,40.7231,0,0,0
Wind,5,2026,1310.0276,40.3685,0,0,0
Wind,5,2027,1277.6645,40.0138,0,0,0
Wind,5,2028,1244.434,39.6592,0,0,0
Wind,5,2029,1210.3363,39.3046,0,0,0
Wind,5,2030,1175.3712,38.95,0,0,0
Wind,5,2031,1165.9642,38.6579,0,0,0
Wind,5,2032,1156.5101,38.3658,0,0,0
Wind,5,2033,1147.009,38.0736,0,0,0
Wind,5,2034,1137.4609,37.7815,0,0,0
Wind,5,2035,1127.8657,37.4894,0,0,0
Wind,5,2036,1118.2234,37.1973,0,0,0
Wind,5,2037,1108.5342,36.9051,0,0,0
Wind,5,2038,1098.7979,36.613,0,0,0
Wind,5,2039,1089.0145,36.3209,0,0,0
Wind,5,2040,1079.1841,36.0288,0,0,0
Wind,5,2041,1069.3067,35.7366,0,0,0
Wind,5,2042,1059.3822,35.4445,0,0,0
Wind,5,2043,1049.4107,35.1524,0,0,0
Wind,5,2044,1039.3922,34.8603,0,0,0
Wind,5,2045,1029.3266,34.5681,0,0,0
Wind,5,2046,1019.2139,34.276,0,0,0
Wind,5,2047,1009.0543,33.9839,0,0,0
Wind,5,2048,998.8476,33.6917,0,0,0
Wind,5,2049,988.5938,33.3996,0,0,0
Wind,5,2050,978.293,33.1075,0,0,0
Wind,6,2010,1640.0848,43.2054,0,0,0
Wind,6,2011,1640.0848,43.2054,0,0,0
Wind,6,2012,1640.0848,43.2054,0,0,0
Wind,6,2013,1640.0848,43.2054,0,0,0
Wind,6,2014,1640.0848,43.2054,0,0,0
Wind,6,2015,1640.0848,43.2054,0,0,0
Wind,6,2016,1640.0848,43.2054,0,0,0
Wind,6,2017,1640.0848,43.2054,0,0,0
Wind,6,2018,1640.0848,43.2054,0,0,0
Wind,6,2019,1626.079,42.8508,0,0,0
Wind,6,2020,1611.1617,42.4962,0,0,0
Wind,6,2021,1595.3329,42.1415,0,0,0
Wind,6,2022,1578.5925,41.7869,0,0,0
Wind,6,2023,1560.9406,41.4323,0,0,0
Wind,6,2024,1542.3771,41.0777,0,0,0
Wind,6,2025,1522.9021,40.7231,0,0,0
Wind,6,2026,1502.5155,40.3685,0,0,0
Wind,6,2027,1481.2174,40.0138,0,0,0
Wind,6,2028,1459.0078,39.6592,0,0,0
Wind,6,2029,1435.8866,39.3046,0,0,0
Wind,6,2030,1411.8538,38.95,0,0,0
Wind,6,2031,1395.2966,38.6579,0,0,0
Wind,6,2032,1378.6566,38.3658,0,0,0
Wind,6,2033,1361.9339,38.0736,0,0,0
Wind,6,2034,1345.1284,37.7815,0,0,0
Wind,6,2035,1328.2401,37.4894,0,0,0
Wind,6,2036,1311.2691,37.1973,0,0,0
Wind,6,2037,1294.2153,36.9051,0,0,0
Wind,6,2038,1277.0787,36.613,0,0,0
Wind,6,2039,1259.8594,36.3209,0,0,0
Wind,6,2040,1242.5573,36.0288,0,0,0
Wind,6,2041,1225.1725,35.7366,0,0,0
Wind,6,2042,1207.7049,35.4445,0,0,0
Wind,6,2043,1190.1546,35.1524,0,0,0
Wind,6,2044,1172.5214,34.8603,0,0,0
Wind,6,2045,1154.8056,34.5681,0,0,0
Wind,6,2046,1137.0069,34.276,0,0,0
Wind,6,2047,1119.1255,33.9839,0,0,0
Wind,6,2048,1101.1614,33.6917,0,0,0
Wind,6,2049,1083.1145,33.3996,0,0,0
Wind,6,2050,1064.9848,33.1075,0,0,0
Wind,7,2010,1845.5489,43.2054,0,0,0
Wind,7,2011,1845.5489,43.2054,0,0,0
Wind,7,2012,1845.5489,43.2054,0,0,0
Wind,7,2013,1845.5489,43.2054,0,0,0
Wind,7,2014,1845.5489,43.2054,0,0,0
Wind,7,2015,1845.5489,43.2054,0,0,0
Wind,7,2016,1845.5489,43.2054,0,0,0
Wind,7,2017,1845.5489,43.2054,0,0,0
Wind,7,2018,1845.5489,43.2054,0,0,0
Wind,7,2019,1816.4008,42.8508,0,0,0
Wind,7,2020,1785.9813,42.4962,0,0,0
Wind,7,2021,1754.2903,42.1415,0,0,0
Wind,7,2022,1721.3277,41.7869,0,0,0
Wind,7,2023,1687.0937,41.4323,0,0,0
Wind,7,2024,1651.5882,41.0777,0,0,0
Wind,7,2025,1614.8112,40.7231,0,0,0
Wind,7,2026,1576.7627,40.3685,0,0,0
Wind,7,2027,1537.4427,40.0138,0,0,0
Wind,7,2028,1496.8512,39.6592,0,0,0
Wind,7,2029,1454.9883,39.3046,0,0,0
Wind,7,2030,1411.8538,38.95,0,0,0
Wind,7,2031,1400.9929,38.6579,0,0,0
Wind,7,2032,1390.0583,38.3658,0,0,0
Wind,7,2033,1379.0499,38.0736,0,0,0
Wind,7,2034,1367.9679,37.7815,0,0,0
Wind,7,2035,1356.812,37.4894,0,0,0
Wind,7,2036,1345.5825,37.1973,0,0,0
Wind,7,2037,1334.2792,36.9051,0,0,0
Wind,7,2038,1322.9022,36.613,0,0,0
Wind,7,2039,1311.4514,36.3209,0,0,0
Wind,7,2040,1299.9269,36.0288,0,0,0
Wind,7,2041,1288.3287,35.7366,0,0,0
Wind,7,2042,1276.6568,35.4445,0,0,0
Wind,7,2043,1264.9111,35.1524,0,0,0
Wind,7,2044,1253.0917,34.8603,0,0,0
Wind,7,2045,1241.1986,34.5681,0,0,0
Wind,7,2046,1229.2317,34.276,0,0,0
Wind,7,2047,1217.1911,33.9839,0,0,0
Wind,7,2048,1205.0767,33.6917,0,0,0
Wind,7,2049,1192.8887,33.3996,0,0,0
Wind,7,2050,1180.6269,33.1075,0,0,0
Wind,8,2010,2146.9047,43.2054,0,0,0
Wind,8,2011,2146.9047,43.2054,0,0,0
Wind,8,2012,2146.9047,43.2054,0,0,0
Wind,8,2013,2146.9047,43.2054,0,0,0
Wind,8,2014,2146.9047,43.2054,0,0,0
Wind,8,2015,2146.9047,43.2054,0,0,0
Wind,8,2016,2146.9047,43.2054,0,0,0
Wind,8,2017,2146.9047,43.2054,0,0,0
Wind,8,2018,2146.9047,43.2054,0,0,0
Wind,8,2019,2125.1673,42.8508,0,0,0
Wind,8,2020,2102.1334,42.4962,0,0,0
Wind,8,2021,2077.803,42.1415,0,0,0
Wind,8,2022,2052.1762,41.7869,0,0,0
Wind,8,2023,2025.2529,41.4323,0,0,0
Wind,8,2024,1997.0332,41.0777,0,0,0
Wind,8,2025,1967.517,40.7231,0,0,0
Wind,8,2026,1936.7044,40.3685,0,0,0
Wind,8,2027,1904.5953,40.0138,0,0,0
Wind,8,2028,1871.1897,39.6592,0,0,0
Wind,8,2029,1836.4877,39.3046,0,0,0
Wind,8,2030,1800.4892,38.95,0,0,0
Wind,8,2031,1779.8911,38.6579,0,0,0
Wind,8,2032,1759.1602,38.3658,0,0,0
Wind,8,2033,1738.2965,38.0736,0,0,0
Wind,8,2034,1717.3002,37.7815,0,0,0
Wind,8,2035,1696.1711,37.4894,0,0,0
Wind,8,2036,1674.9094,37.1973,0,0,0
Wind,8,2037,1653.5148,36.9051,0,0,0
Wind,8,2038,1631.9876,36.613,0,0,0
Wind,8,2039,1610.3276,36.3209,0,0,0
Wind,8,2040,1588.535,36.0288,0,0,0
Wind,8,2041,1566.6095,35.7366,0,0,0
Wind,8,2042,1544.5514,35.4445,0,0,0
Wind,8,2043,1522.3606,35.1524,0,0,0
Wind,8,2044,1500.037,34.8603,0,0,0
Wind,8,2045,1477.5807,34.5681,0,0,0
Wind,8,2046,1454.9917,34.276,0,0,0
Wind,8,2047,1432.2699,33.9839,0,0,0
Wind,8,2048,1409.4154,33.6917,0,0,0
Wind,8,2049,1386.4282,33.3996,0,0,0
Wind,8,2050,1363.3083,33.1075,0,0,0
Wind,9,2010,2614.2567,43.2054,0,0,0
Wind,9,2011,2614.2567,43.2054,0,0,0
Wind,9,2012,2614.2567,43.2054,0,0,0
Wind,9,2013,2614.2567,43.2054,0,0,0
Wind,9,2014,2614.2567,43.2054,0,0,0
Wind,9,2015,2614.2567,43.2054,0,0,0
Wind,9,2016,2614.2567,43.2054,0,0,0
Wind,9,2017,2614.2567,43.2054,0,0,0
Wind,9,2018,2614.2567,43.2054,0,0,0
Wind,9,2019,2559.2381,42.8508,0,0,0
Wind,9,2020,2501.8931,42.4962,0,0,0
Wind,9,2021,2442.2217,42.1415,0,0,0
Wind,9,2022,2380.2238,41.7869,0,0,0
Wind,9,2023,2315.8995,41.4323,0,0,0
Wind,9,2024,2249.2488,41.0777,0,0,0
Wind,9,2025,2180.2716,40.7231,0,0,0
Wind,9,2026,2108.968,40.3685,0,0,0
Wind,9,2027,2035.338,40.0138,0,0,0
Wind,9,2028,1959.3815,39.6592,0,0,0
Wind,9,2029,1881.0986,39.3046,0,0,0
Wind,9,2030,1800.4892,38.95,0,0,0
Wind,9,2031,1793.3962,38.6579,0,0,0
Wind,9,2032,1786.2202,38.3658,0,0,0
Wind,9,2033,1778.9612,38.0736,0,0,0
Wind,9,2034,1771.6193,37.7815,0,0,0
Wind,9,2035,1764.1944,37.4894,0,0,0
Wind,9,2036,1756.6866,37.1973,0,0,0
Wind,9,2037,1749.0959,36.9051,0,0,0
Wind,9,2038,1741.4222,36.613,0,0,0
Wind,9,2039,1733.6655,36.3209,0,0,0
Wind,9,2040,1725.8259,36.0288,0,0,0
Wind,9,2041,1717.9034,35.7366,0,0,0
Wind,9,2042,1709.8979,35.4445,0,0,0
Wind,9,2043,1701.8094,35.1524,0,0,0
Wind,9,2044,1693.638,34.8603,0,0,0
Wind,9,2045,1685.3836,34.5681,0,0,0
Wind,9,2046,1677.0463,34.276,0,0,0
Wind,9,2047,1668.6261,33.9839,0,0,0
Wind,9,2048,1660.1229,33.6917,0,0,0
Wind,9,2049,1651.5367,33.3996,0,0,0
Wind,9,2050,1642.8676,33.1075,0,0,0
Wind,10,2010,2740.5683,43.2054,0,0,0
Wind,10,2011,2740.5683,43.2054,0,0,0
Wind,10,2012,2740.5683,43.2054,0,0,0
Wind,10,2013,2740.5683,43.2054,0,0,0
Wind,10,2014,2740.5683,43.2054,0,0,0
Wind,10,2015,2740.5683,43.2054,0,0,0
Wind,10,2016,2740.5683,43.2054,0,0,0
Wind,10,2017,2740.5683,43.2054,0,0,0
Wind,10,2018,2740.5683,43.2054,0,0,0
Wind,10,2019,2688.3792,42.8508,0,0,0
Wind,10,2020,2634.0105,42.4962,0,0,0
Wind,10,2021,2577.4622,42.1415,0,0,0
Wind,10,2022,2518.7345,41.7869,0,0,0
Wind,10,2023,2457.8272,41.4323,0,0,0
Wind,10,2024,2394.7403,41.0777,0,0,0
Wind,10,2025,2329.474,40.7231,0,0,0
Wind,10,2026,2262.028,40.3685,0,0,0
Wind,10,2027,2192.4026,40.0138,0,0,0
Wind,10,2028,2120.5976,39.6592,0,0,0
Wind,10,2029,2046.6131,39.3046,0,0,0
Wind,10,2030,1970.449,38.95,0,0,0
Wind,10,2031,1956.2212,38.6579,0,0,0
Wind,10,2032,1941.8572,38.3658,0,0,0
Wind,10,2033,1927.3572,38.0736,0,0,0
Wind,10,2034,1912.7211,37.7815,0,0,0
Wind,10,2035,1897.9489,37.4894,0,0,0
Wind,10,2036,1883.0406,37.1973,0,0,0
Wind,10,2037,1867.9963,36.9051,0,0,0
Wind,10,2038,1852.8159,36.613,0,0,0
Wind,10,2039,1837.4994,36.3209,0,0,0
Wind,10,2040,1822.0468,36.0288,0,0,0
Wind,10,2041,1806.4582,35.7366,0,0,0
Wind,10,2042,1790.7334,35.4445,0,0,0
Wind,10,2043,1774.8726,35.1524,0,0,0
Wind,10,2044,1758.8757,34.8603,0,0,0
Wind,10,2045,1742.7427,34.5681,0,0,0
Wind,10,2046,1726.4737,34.276,0,0,0
Wind,10,2047,1710.0685,33.9839,0,0,0
Wind,10,2048,1693.5273,33.6917,0,0,0
Wind,10,2049,1676.85,33.3996,0,0,0
Wind,10,2050,1660.0367,33.1075,0,0,0
UPV,1,2010,4709.594368,23.54797184,0,0,0
UPV,1,2011,4374.091689,23.14747949,0,0,0
UPV,1,2012,4038.58901,22.74698714,0,0,0
UPV,1,2013,2802.933411,22.34649478,0,0,0
UPV,1,2014,2652.902304,22.80448,0,0,0
UPV,1,2015,2703.0016,17.43872,0,0,0
UPV,1,2016,2352.88576,18.82225359,0,0,0
UPV,1,2017,1458.9952,26.44724293,0,0,0
UPV,1,2018,1565.881911,18.76,0,0,0
UPV,1,2019,1375.377679,16.08,0,0,0
UPV,1,2020,1324.761493,15.85184692,0,0,0
UPV,1,2021,1274.145307,15.24618316,0,0,0
UPV,1,2022,1223.529121,14.64051939,0,0,0
UPV,1,2023,1172.912935,14.03485563,0,0,0
UPV,1,2024,1122.296749,13.42919187,0,0,0
UPV,1,2025,1071.680563,12.8235281,0,0,0
UPV,1,2026,1021.064377,12.21786434,0,0,0
UPV,1,2027,970.4481907,11.61220057,0,0,0
UPV,1,2028,919.8320047,11.00653681,0,0,0
UPV,1,2029,869.2158186,10.40087304,0,0,0
UPV,1,2030,818.5996326,9.795209279,0,0,0
UPV,1,2031,811.3279652,9.708197874,0,0,0
UPV,1,2032,804.0562977,9.621186468,0,0,0
UPV,1,2033,796.7846302,9.534175063,0,0,0
UPV,1,2034,789.5129628,9.447163657,0,0,0
UPV,1,2035,782.2412953,9.360152252,0,0,0
UPV,1,2036,774.9696278,9.273140846,0,0,0
UPV,1,2037,767.6979604,9.18612944,0,0,0
UPV,1,2038,760.4262929,9.099118035,0,0,0
UPV,1,2039,753.1546255,9.012106629,0,0,0
UPV,1,2040,745.882958,8.925095224,0,0,0
UPV,1,2041,738.6112905,8.838083818,0,0,0
UPV,1,2042,731.3396231,8.751072413,0,0,0
UPV,1,2043,724.0679556,8.664061007,0,0,0
UPV,1,2044,716.7962882,8.577049602,0,0,0
UPV,1,2045,709.5246207,8.490038196,0,0,0
UPV,1,2046,702.2529532,8.403026791,0,0,0
UPV,1,2047,694.9812858,8.316015385,0,0,0
UPV,1,2048,687.7096183,8.22900398,0,0,0
UPV,1,2049,680.4379508,8.141992574,0,0,0
UPV,1,2050,673.1662834,8.054981169,0,0,0
UPV,2,2010,4709.594368,23.54797184,0,0,0
UPV,2,2011,4374.091689,23.14747949,0,0,0
UPV,2,2012,4038.58901,22.74698714,0,0,0
UPV,2,2013,2802.933411,22.34649478,0,0,0
UPV,2,2014,2652.902304,22.80448,0,0,0
UPV,2,2015,2703.0016,17.43872,0,0,0
UPV,2,2016,2352.88576,18.82225359,0,0,0
UPV,2,2017,1458.9952,26.44724293,0,0,0
UPV,2,2018,1565.881911,18.76,0,0,0
UPV,2,2019,1375.377679,16.08,0,0,0
UPV,2,2020,1324.761493,15.85184692,0,0,0
UPV,2,2021,1274.145307,15.24618316,0,0,0
UPV,2,2022,1223.529121,14.64051939,0,0,0
UPV,2,2023,1172.912935,14.03485563,0,0,0
UPV,2,2024,1122.296749,13.42919187,0,0,0
UPV,2,2025,1071.680563,12.8235281,0,0,0
UPV,2,2026,1021.064377,12.21786434,0,0,0
UPV,2,2027,970.4481907,11.61220057,0,0,0
UPV,2,2028,919.8320047,11.00653681,0,0,0
UPV,2,2029,869.2158186,10.40087304,0,0,0
UPV,2,2030,818.5996326,9.795209279,0,0,0
UPV,2,2031,811.3279652,9.708197874,0,0,0
UPV,2,2032,804.0562977,9.621186468,0,0,0
UPV,2,2033,796.7846302,9.534175063,0,0,0
UPV,2,2034,789.5129628,9.447163657,0,0,0
UPV,2,2035,782.2412953,9.360152252,0,0,0
UPV,2,2036,774.9696278,9.273140846,0,0,0
UPV,2,2037,767.6979604,9.18612944,0,0,0
UPV,2,2038,760.4262929,9.099118035,0,0,0
UPV,2,2039,753.1546255,9.012106629,0,0,0
UPV,2,2040,745.882958,8.925095224,0,0,0
UPV,2,2041,738.6112905,8.838083818,0,0,0
UPV,2,2042,731.3396231,8.751072413,0,0,0
UPV,2,2043,724.0679556,8.664061007,0,0,0
UPV,2,2044,716.7962882,8.577049602,0,0,0
UPV,2,2045,709.5246207,8.490038196,0,0,0
UPV,2,2046,702.2529532,8.403026791,0,0,0
UPV,2,2047,694.9812858,8.316015385,0,0,0
UPV,2,2048,687.7096183,8.22900398,0,0,0
UPV,2,2049,680.4379508,8.141992574,0,0,0
UPV,2,2050,673.1662834,8.054981169,0,0,0
UPV,3,2010,4709.594368,23.54797184,0,0,0
UPV,3,2011,4374.091689,23.14747949,0,0,0
UPV,3,2012,4038.58901,22.74698714,0,0,0
UPV,3,2013,2802.933411,22.34649478,0,0,0
UPV,3,2014,2652.902304,22.80448,0,0,0
UPV,3,2015,2703.0016,17.43872,0,0,0
UPV,3,2016,2352.88576,18.82225359,0,0,0
UPV,3,2017,1458.9952,26.44724293,0,0,0
UPV,3,2018,1565.881911,18.76,0,0,0
UPV,3,2019,1375.377679,16.08,0,0,0
UPV,3,2020,1324.761493,15.85184692,0,0,0
UPV,3,2021,1274.145307,15.24618316,0,0,0
UPV,3,2022,1223.529121,14.64051939,0,0,0
UPV,3,2023,1172.912935,14.03485563,0,0,0
UPV,3,2024,1122.296749,13.42919187,0,0,0
UPV,3,2025,1071.680563,12.8235281,0,0,0
UPV,3,2026,1021.064377,12.21786434,0,0,0
UPV,3,2027,970.4481907,11.61220057,0,0,0
UPV,3,2028,919.8320047,11.00653681,0,0,0
UPV,3,2029,869.2158186,10.40087304,0,0,0
UPV,3,2030,818.5996326,9.795209279,0,0,0
UPV,3,2031,811.3279652,9.708197874,0,0,0
UPV,3,2032,804.0562977,9.621186468,0,0,0
UPV,3,2033,796.7846302,9.534175063,0,0,0
UPV,3,2034,789.5129628,9.447163657,0,0,0
UPV,3,2035,782.2412953,9.360152252,0,0,0
UPV,3,2036,774.9696278,9.273140846,0,0,0
UPV,3,2037,767.6979604,9.18612944,0,0,0
UPV,3,2038,760.4262929,9.099118035,0,0,0
UPV,3,2039,753.1546255,9.012106629,0,0,0
UPV,3,2040,745.882958,8.925095224,0,0,0
UPV,3,2041,738.6112905,8.838083818,0,0,0
UPV,3,2042,731.3396231,8.751072413,0,0,0
UPV,3,2043,724.0679556,8.664061007,0,0,0
UPV,3,2044,716.7962882,8.577049602,0,0,0
UPV,3,2045,709.5246207,8.490038196,0,0,0
UPV,3,2046,702.2529532,8.403026791,0,0,0
UPV,3,2047,694.9812858,8.316015385,0,0,0
UPV,3,2048,687.7096183,8.22900398,0,0,0
UPV,3,2049,680.4379508,8.141992574,0,0,0
UPV,3,2050,673.1662834,8.054981169,0,0,0
UPV,4,2010,4709.594368,23.54797184,0,0,0
UPV,4,2011,4374.091689,23.14747949,0,0,0
UPV,4,2012,4038.58901,22.74698714,0,0,0
UPV,4,2013,2802.933411,22.34649478,0,0,0
UPV,4,2014,2652.902304,22.80448,0,0,0
UPV,4,2015,2703.0016,17.43872,0,0,0
UPV,4,2016,2352.88576,18.82225359,0,0,0
UPV,4,2017,1458.9952,26.44724293,0,0,0
UPV,4,2018,1565.881911,18.76,0,0,0
UPV,4,2019,1375.377679,16.08,0,0,0
UPV,4,2020,1324.761493,15.85184692,0,0,0
UPV,4,2021,1274.145307,15.24618316,0,0,0
UPV,4,2022,1223.529121,14.64051939,0,0,0
UPV,4,2023,1172.912935,14.03485563,0,0,0
UPV,4,2024,1122.296749,13.42919187,0,0,0
UPV,4,2025,1071.680563,12.8235281,0,0,0
UPV,4,2026,1021.064377,12.21786434,0,0,0
UPV,4,2027,970.4481907,11.61220057,0,0,0
UPV,4,2028,919.8320047,11.00653681,0,0,0
UPV,4,2029,869.2158186,10.40087304,0,0,0
UPV,4,2030,818.5996326,9.795209279,0,0,0
UPV,4,2031,811.3279652,9.708197874,0,0,0
UPV,4,2032,804.0562977,9.621186468,0,0,0
UPV,4,2033,796.7846302,9.534175063,0,0,0
UPV,4,2034,789.5129628,9.447163657,0,0,0
UPV,4,2035,782.2412953,9.360152252,0,0,0
UPV,4,2036,774.9696278,9.273140846,0,0,0
UPV,4,2037,767.6979604,9.18612944,0,0,0
UPV,4,2038,760.4262929,9.099118035,0,0,0
UPV,4,2039,753.1546255,9.012106629,0,0,0
UPV,4,2040,745.882958,8.925095224,0,0,0
UPV,4,2041,738.6112905,8.838083818,0,0,0
UPV,4,2042,731.3396231,8.751072413,0,0,0
UPV,4,2043,724.0679556,8.664061007,0,0,0
UPV,4,2044,716.7962882,8.577049602,0,0,0
UPV,4,2045,709.5246207,8.490038196,0,0,0
UPV,4,2046,702.2529532,8.403026791,0,0,0
UPV,4,2047,694.9812858,8.316015385,0,0,0
UPV,4,2048,687.7096183,8.22900398,0,0,0
UPV,4,2049,680.4379508,8.141992574,0,0,0
UPV,4,2050,673.1662834,8.054981169,0,0,0
UPV,5,2010,4709.594368,23.54797184,0,0,0
UPV,5,2011,4374.091689,23.14747949,0,0,0
UPV,5,2012,4038.58901,22.74698714,0,0,0
UPV,5,2013,2802.933411,22.34649478,0,0,0
UPV,5,2014,2652.902304,22.80448,0,0,0
UPV,5,2015,2703.0016,17.43872,0,0,0
UPV,5,2016,2352.88576,18.82225359,0,0,0
UPV,5,2017,1458.9952,26.44724293,0,0,0
UPV,5,2018,1565.881911,18.76,0,0,0
UPV,5,2019,1375.377679,16.08,0,0,0
UPV,5,2020,1324.761493,15.85184692,0,0,0
UPV,5,2021,1274.145307,15.24618316,0,0,0
UPV,5,2022,1223.529121,14.64051939,0,0,0
UPV,5,2023,1172.912935,14.03485563,0,0,0
UPV,5,2024,1122.296749,13.42919187,0,0,0
UPV,5,2025,1071.680563,12.8235281,0,0,0
UPV,5,2026,1021.064377,12.21786434,0,0,0
UPV,5,2027,970.4481907,11.61220057,0,0,0
UPV,5,2028,919.8320047,11.00653681,0,0,0
UPV,5,2029,869.2158186,10.40087304,0,0,0
UPV,5,2030,818.5996326,9.795209279,0,0,0
UPV,5,2031,811.3279652,9.708197874,0,0,0
UPV,5,2032,804.0562977,9.621186468,0,0,0
UPV,5,2033,796.7846302,9.534175063,0,0,0
UPV,5,2034,789.5129628,9.447163657,0,0,0
UPV,5,2035,782.2412953,9.360152252,0,0,0
UPV,5,2036,774.9696278,9.273140846,0,0,0
UPV,5,2037,767.6979604,9.18612944,0,0,0
UPV,5,2038,760.4262929,9.099118035,0,0,0
UPV,5,2039,753.1546255,9.012106629,0,0,0
UPV,5,2040,745.882958,8.925095224,0,0,0
UPV,5,2041,738.6112905,8.838083818,0,0,0
UPV,5,2042,731.3396231,8.751072413,0,0,0
UPV,5,2043,724.0679556,8.664061007,0,0,0
UPV,5,2044,716.7962882,8.577049602,0,0,0
UPV,5,2045,709.5246207,8.490038196,0,0,0
UPV,5,2046,702.2529532,8.403026791,0,0,0
UPV,5,2047,694.9812858,8.316015385,0,0,0
UPV,5,2048,687.7096183,8.22900398,0,0,0
UPV,5,2049,680.4379508,8.141992574,0,0,0
UPV,5,2050,673.1662834,8.054981169,0,0,0
UPV,6,2010,4709.594368,23.54797184,0,0,0
UPV,6,2011,4374.091689,23.14747949,0,0,0
UPV,6,2012,4038.58901,22.74698714,0,0,0
UPV,6,2013,2802.933411,22.34649478,0,0,0
UPV,6,2014,2652.902304,22.80448,0,0,0
UPV,6,2015,2703.0016,17.43872,0,0,0
UPV,6,2016,2352.88576,18.82225359,0,0,0
UPV,6,2017,1458.9952,26.44724293,0,0,0
UPV,6,2018,1565.881911,18.76,0,0,0
UPV,6,2019,1375.377679,16.08,0,0,0
UPV,6,2020,1324.761493,15.85184692,0,0,0
UPV,6,2021,1274.145307,15.24618316,0,0,0
UPV,6,2022,1223.529121,14.64051939,0,0,0
UPV,6,2023,1172.912935,14.03485563,0,0,0
UPV,6,2024,1122.296749,13.42919187,0,0,0
UPV,6,2025,1071.680563,12.8235281,0,0,0
UPV,6,2026,1021.064377,12.21786434,0,0,0
UPV,6,2027,970.4481907,11.61220057,0,0,0
UPV,6,2028,919.8320047,11.00653681,0,0,0
UPV,6,2029,869.2158186,10.40087304,0,0,0
UPV,6,2030,818.5996326,9.795209279,0,0,0
UPV,6,2031,811.3279652,9.708197874,0,0,0
UPV,6,2032,804.0562977,9.621186468,0,0,0
UPV,6,2033,796.7846302,9.534175063,0,0,0
UPV,6,2034,789.5129628,9.447163657,0,0,0
UPV,6,2035,782.2412953,9.360152252,0,0,0
UPV,6,2036,774.9696278,9.273140846,0,0,0
UPV,6,2037,767.6979604,9.18612944,0,0,0
UPV,6,2038,760.4262929,9.099118035,0,0,0
UPV,6,2039,753.1546255,9.012106629,0,0,0
UPV,6,2040,745.882958,8.925095224,0,0,0
UPV,6,2041,738.6112905,8.838083818,0,0,0
UPV,6,2042,731.3396231,8.751072413,0,0,0
UPV,6,2043,724.0679556,8.664061007,0,0,0
UPV,6,2044,716.7962882,8.577049602,0,0,0
UPV,6,2045,709.5246207,8.490038196,0,0,0
UPV,6,2046,702.2529532,8.403026791,0,0,0
UPV,6,2047,694.9812858,8.316015385,0,0,0
UPV,6,2048,687.7096183,8.22900398,0,0,0
UPV,6,2049,680.4379508,8.141992574,0,0,0
UPV,6,2050,673.1662834,8.054981169,0,0,0
UPV,7,2010,4709.594368,23.54797184,0,0,0
UPV,7,2011,4374.091689,23.14747949,0,0,0
UPV,7,2012,4038.58901,22.74698714,0,0,0
UPV,7,2013,2802.933411,22.34649478,0,0,0
UPV,7,2014,2652.902304,22.80448,0,0,0
UPV,7,2015,2703.0016,17.43872,0,0,0
UPV,7,2016,2352.88576,18.82225359,0,0,0
UPV,7,2017,1458.9952,26.44724293,0,0,0
UPV,7,2018,1565.881911,18.76,0,0,0
UPV,7,2019,1375.377679,16.08,0,0,0
UPV,7,2020,1324.761493,15.85184692,0,0,0
UPV,7,2021,1274.145307,15.24618316,0,0,0
UPV,7,2022,1223.529121,14.64051939,0,0,0
UPV,7,2023,1172.912935,14.03485563,0,0,0
UPV,7,2024,1122.296749,13.42919187,0,0,0
UPV,7,2025,1071.680563,12.8235281,0,0,0
UPV,7,2026,1021.064377,12.21786434,0,0,0
UPV,7,2027,970.4481907,11.61220057,0,0,0
UPV,7,2028,919.8320047,11.00653681,0,0,0
UPV,7,2029,869.2158186,10.40087304,0,0,0
UPV,7,2030,818.5996326,9.795209279,0,0,0
UPV,7,2031,811.3279652,9.708197874,0,0,0
UPV,7,2032,804.0562977,9.621186468,0,0,0
UPV,7,2033,796.7846302,9.534175063,0,0,0
UPV,7,2034,789.5129628,9.447163657,0,0,0
UPV,7,2035,782.2412953,9.360152252,0,0,0
UPV,7,2036,774.9696278,9.273140846,0,0,0
UPV,7,2037,767.6979604,9.18612944,0,0,0
UPV,7,2038,760.4262929,9.099118035,0,0,0
UPV,7,2039,753.1546255,9.012106629,0,0,0
UPV,7,2040,745.882958,8.925095224,0,0,0
UPV,7,2041,738.6112905,8.838083818,0,0,0
UPV,7,2042,731.3396231,8.751072413,0,0,0
UPV,7,2043,724.0679556,8.664061007,0,0,0
UPV,7,2044,716.7962882,8.577049602,0,0,0
UPV,7,2045,709.5246207,8.490038196,0,0,0
UPV,7,2046,702.2529532,8.403026791,0,0,0
UPV,7,2047,694.9812858,8.316015385,0,0,0
UPV,7,2048,687.7096183,8.22900398,0,0,0
UPV,7,2049,680.4379508,8.141992574,0,0,0
UPV,7,2050,673.1662834,8.054981169,0,0,0
UPV,8,2010,4709.594368,23.54797184,0,0,0
UPV,8,2011,4374.091689,23.14747949,0,0,0
UPV,8,2012,4038.58901,22.74698714,0,0,0
UPV,8,2013,2802.933411,22.34649478,0,0,0
UPV,8,2014,2652.902304,22.80448,0,0,0
UPV,8,2015,2703.0016,17.43872,0,0,0
UPV,8,2016,2352.88576,18.82225359,0,0,0
UPV,8,2017,1458.9952,26.44724293,0,0,0
UPV,8,2018,1565.881911,18.76,0,0,0
UPV,8,2019,1375.377679,16.08,0,0,0
UPV,8,2020,1324.761493,15.85184692,0,0,0
UPV,8,2021,1274.145307,15.24618316,0,0,0
UPV,8,2022,1223.529121,14.64051939,0,0,0
UPV,8,2023,1172.912935,14.03485563,0,0,0
UPV,8,2024,1122.296749,13.42919187,0,0,0
UPV,8,2025,1071.680563,12.8235281,0,0,0
UPV,8,2026,1021.064377,12.21786434,0,0,0
UPV,8,2027,970.4481907,11.61220057,0,0,0
UPV,8,2028,919.8320047,11.00653681,0,0,0
UPV,8,2029,869.2158186,10.40087304,0,0,0
UPV,8,2030,818.5996326,9.795209279,0,0,0
UPV,8,2031,811.3279652,9.708197874,0,0,0
UPV,8,2032,804.0562977,9.621186468,0,0,0
UPV,8,2033,796.7846302,9.534175063,0,0,0
UPV,8,2034,789.5129628,9.447163657,0,0,0
UPV,8,2035,782.2412953,9.360152252,0,0,0
UPV,8,2036,774.9696278,9.273140846,0,0,0
UPV,8,2037,767.6979604,9.18612944,0,0,0
UPV,8,2038,760.4262929,9.099118035,0,0,0
UPV,8,2039,753.1546255,9.012106629,0,0,0
UPV,8,2040,745.882958,8.925095224,0,0,0
UPV,8,2041,738.6112905,8.838083818,0,0,0
UPV,8,2042,731.3396231,8.751072413,0,0,0
UPV,8,2043,724.0679556,8.664061007,0,0,0
UPV,8,2044,716.7962882,8.577049602,0,0,0
UPV,8,2045,709.5246207,8.490038196,0,0,0
UPV,8,2046,702.2529532,8.403026791,0,0,0
UPV,8,2047,694.9812858,8.316015385,0,0,0
UPV,8,2048,687.7096183,8.22900398,0,0,0
UPV,8,2049,680.4379508,8.141992574,0,0,0
UPV,8,2050,673.1662834,8.054981169,0,0,0
UPV,9,2010,4709.594368,23.54797184,0,0,0
UPV,9,2011,4374.091689,23.14747949,0,0,0
UPV,9,2012,4038.58901,22.74698714,0,0,0
UPV,9,2013,2802.933411,22.34649478,0,0,0
UPV,9,2014,2652.902304,22.80448,0,0,0
UPV,9,2015,2703.0016,17.43872,0,0,0
UPV,9,2016,2352.88576,18.82225359,0,0,0
UPV,9,2017,1458.9952,26.44724293,0,0,0
UPV,9,2018,1565.881911,18.76,0,0,0
UPV,9,2019,1375.377679,16.08,0,0,0
UPV,9,2020,1324.761493,15.85184692,0,0,0
UPV,9,2021,1274.145307,15.24618316,0,0,0
UPV,9,2022,1223.529121,14.64051939,0,0,0
UPV,9,2023,1172.912935,14.03485563,0,0,0
UPV,9,2024,1122.296749,13.42919187,0,0,0
UPV,9,2025,1071.680563,12.8235281,0,0,0
UPV,9,2026,1021.064377,12.21786434,0,0,0
UPV,9,2027,970.4481907,11.61220057,0,0,0
UPV,9,2028,919.8320047,11.00653681,0,0,0
UPV,9,2029,869.2158186,10.40087304,0,0,0
UPV,9,2030,818.5996326,9.795209279,0,0,0
UPV,9,2031,811.3279652,9.708197874,0,0,0
UPV,9,2032,804.0562977,9.621186468,0,0,0
UPV,9,2033,796.7846302,9.534175063,0,0,0
UPV,9,2034,789.5129628,9.447163657,0,0,0
UPV,9,2035,782.2412953,9.360152252,0,0,0
UPV,9,2036,774.9696278,9.273140846,0,0,0
UPV,9,2037,767.6979604,9.18612944,0,0,0
UPV,9,2038,760.4262929,9.099118035,0,0,0
UPV,9,2039,753.1546255,9.012106629,0,0,0
UPV,9,2040,745.882958,8.925095224,0,0,0
UPV,9,2041,738.6112905,8.838083818,0,0,0
UPV,9,2042,731.3396231,8.751072413,0,0,0
UPV,9,2043,724.0679556,8.664061007,0,0,0
UPV,9,2044,716.7962882,8.577049602,0,0,0
UPV,9,2045,709.5246207,8.490038196,0,0,0
UPV,9,2046,702.2529532,8.403026791,0,0,0
UPV,9,2047,694.9812858,8.316015385,0,0,0
UPV,9,2048,687.7096183,8.22900398,0,0,0
UPV,9,2049,680.4379508,8.141992574,0,0,0
UPV,9,2050,673.1662834,8.054981169,0,0,0
