hour,time
0,H9
1,H9
2,H9
3,H9
4,H9
5,H9
6,H9
7,H10
8,H10
9,H10
10,H10
11,H10
12,H10
13,H10
14,H11
15,H11
16,H11
17,H11
18,H12
19,H12
20,H12
21,H12
22,H12
23,H9
24,H9
25,H9
26,H9
27,H9
28,H9
29,H9
30,H9
31,H10
32,H10
33,H10
34,H10
35,H10
36,H10
37,H10
38,H11
39,H11
40,H11
41,H11
42,H12
43,H12
44,H12
45,H12
46,H12
47,H9
48,H9
49,H9
50,H9
51,H9
52,H9
53,H9
54,H9
55,H10
56,H10
57,H10
58,H10
59,H10
60,H10
61,H10
62,H11
63,H11
64,H11
65,H11
66,H12
67,H12
68,H12
69,H12
70,H12
71,H9
72,H9
73,H9
74,H9
75,H9
76,H9
77,H9
78,H9
79,H10
80,H10
81,H10
82,H10
83,H10
84,H10
85,H10
86,H11
87,H11
88,H11
89,H11
90,H12
91,H12
92,H12
93,H12
94,H12
95,H9
96,H9
97,H9
98,H9
99,H9
100,H9
101,H9
102,H9
103,H10
104,H10
105,H10
106,H10
107,H10
108,H10
109,H10
110,H11
111,H11
112,H11
113,H11
114,H12
115,H12
116,H12
117,H12
118,H12
119,H9
120,H9
121,H9
122,H9
123,H9
124,H9
125,H9
126,H9
127,H10
128,H10
129,H10
130,H10
131,H10
132,H10
133,H10
134,H11
135,H11
136,H11
137,H11
138,H12
139,H12
140,H12
141,H12
142,H12
143,H9
144,H9
145,H9
146,H9
147,H9
148,H9
149,H9
150,H9
151,H10
152,H10
153,H10
154,H10
155,H10
156,H10
157,H10
158,H11
159,H11
160,H11
161,H11
162,H12
163,H12
164,H12
165,H12
166,H12
167,H9
168,H9
169,H9
170,H9
171,H9
172,H9
173,H9
174,H9
175,H10
176,H10
177,H10
178,H10
179,H10
180,H10
181,H10
182,H11
183,H11
184,H11
185,H11
186,H12
187,H12
188,H12
189,H12
190,H12
191,H9
192,H9
193,H9
194,H9
195,H9
196,H9
197,H9
198,H9
199,H10
200,H10
201,H10
202,H10
203,H10
204,H10
205,H10
206,H11
207,H11
208,H11
209,H11
210,H12
211,H12
212,H12
213,H12
214,H12
215,H9
216,H9
217,H9
218,H9
219,H9
220,H9
221,H9
222,H9
223,H10
224,H10
225,H10
226,H10
227,H10
228,H10
229,H10
230,H11
231,H11
232,H11
233,H11
234,H12
235,H12
236,H12
237,H12
238,H12
239,H9
240,H9
241,H9
242,H9
243,H9
244,H9
245,H9
246,H9
247,H10
248,H10
249,H10
250,H10
251,H10
252,H10
253,H10
254,H11
255,H11
256,H11
257,H11
258,H12
259,H12
260,H12
261,H12
262,H12
263,H9
264,H9
265,H9
266,H9
267,H9
268,H9
269,H9
270,H9
271,H10
272,H10
273,H10
274,H10
275,H10
276,H10
277,H10
278,H11
279,H11
280,H11
281,H11
282,H12
283,H12
284,H12
285,H12
286,H12
287,H9
288,H9
289,H9
290,H9
291,H9
292,H9
293,H9
294,H9
295,H10
296,H10
297,H10
298,H10
299,H10
300,H10
301,H10
302,H11
303,H11
304,H11
305,H11
306,H12
307,H12
308,H12
309,H12
310,H12
311,H9
312,H9
313,H9
314,H9
315,H9
316,H9
317,H9
318,H9
319,H10
320,H10
321,H10
322,H10
323,H10
324,H10
325,H10
326,H11
327,H11
328,H11
329,H11
330,H12
331,H12
332,H12
333,H12
334,H12
335,H9
336,H9
337,H9
338,H9
339,H9
340,H9
341,H9
342,H9
343,H10
344,H10
345,H10
346,H10
347,H10
348,H10
349,H10
350,H11
351,H11
352,H11
353,H11
354,H12
355,H12
356,H12
357,H12
358,H12
359,H9
360,H9
361,H9
362,H9
363,H9
364,H9
365,H9
366,H9
367,H10
368,H10
369,H10
370,H10
371,H10
372,H10
373,H10
374,H11
375,H11
376,H11
377,H11
378,H12
379,H12
380,H12
381,H12
382,H12
383,H9
384,H9
385,H9
386,H9
387,H9
388,H9
389,H9
390,H9
391,H10
392,H10
393,H10
394,H10
395,H10
396,H10
397,H10
398,H11
399,H11
400,H11
401,H11
402,H12
403,H12
404,H12
405,H12
406,H12
407,H9
408,H9
409,H9
410,H9
411,H9
412,H9
413,H9
414,H9
415,H10
416,H10
417,H10
418,H10
419,H10
420,H10
421,H10
422,H11
423,H11
424,H11
425,H11
426,H12
427,H12
428,H12
429,H12
430,H12
431,H9
432,H9
433,H9
434,H9
435,H9
436,H9
437,H9
438,H9
439,H10
440,H10
441,H10
442,H10
443,H10
444,H10
445,H10
446,H11
447,H11
448,H11
449,H11
450,H12
451,H12
452,H12
453,H12
454,H12
455,H9
456,H9
457,H9
458,H9
459,H9
460,H9
461,H9
462,H9
463,H10
464,H10
465,H10
466,H10
467,H10
468,H10
469,H10
470,H11
471,H11
472,H11
473,H11
474,H12
475,H12
476,H12
477,H12
478,H12
479,H9
480,H9
481,H9
482,H9
483,H9
484,H9
485,H9
486,H9
487,H10
488,H10
489,H10
490,H10
491,H10
492,H10
493,H10
494,H11
495,H11
496,H11
497,H11
498,H12
499,H12
500,H12
501,H12
502,H12
503,H9
504,H9
505,H9
506,H9
507,H9
508,H9
509,H9
510,H9
511,H10
512,H10
513,H10
514,H10
515,H10
516,H10
517,H10
518,H11
519,H11
520,H11
521,H11
522,H12
523,H12
524,H12
525,H12
526,H12
527,H9
528,H9
529,H9
530,H9
531,H9
532,H9
533,H9
534,H9
535,H10
536,H10
537,H10
538,H10
539,H10
540,H10
541,H10
542,H11
543,H11
544,H11
545,H11
546,H12
547,H12
548,H12
549,H12
550,H12
551,H9
552,H9
553,H9
554,H9
555,H9
556,H9
557,H9
558,H9
559,H10
560,H10
561,H10
562,H10
563,H10
564,H10
565,H10
566,H11
567,H11
568,H11
569,H11
570,H12
571,H12
572,H12
573,H12
574,H12
575,H9
576,H9
577,H9
578,H9
579,H9
580,H9
581,H9
582,H9
583,H10
584,H10
585,H10
586,H10
587,H10
588,H10
589,H10
590,H11
591,H11
592,H11
593,H11
594,H12
595,H12
596,H12
597,H12
598,H12
599,H9
600,H9
601,H9
602,H9
603,H9
604,H9
605,H9
606,H9
607,H10
608,H10
609,H10
610,H10
611,H10
612,H10
613,H10
614,H11
615,H11
616,H11
617,H11
618,H12
619,H12
620,H12
621,H12
622,H12
623,H9
624,H9
625,H9
626,H9
627,H9
628,H9
629,H9
630,H9
631,H10
632,H10
633,H10
634,H10
635,H10
636,H10
637,H10
638,H11
639,H11
640,H11
641,H11
642,H12
643,H12
644,H12
645,H12
646,H12
647,H9
648,H9
649,H9
650,H9
651,H9
652,H9
653,H9
654,H9
655,H10
656,H10
657,H10
658,H10
659,H10
660,H10
661,H10
662,H11
663,H11
664,H11
665,H11
666,H12
667,H12
668,H12
669,H12
670,H12
671,H9
672,H9
673,H9
674,H9
675,H9
676,H9
677,H9
678,H9
679,H10
680,H10
681,H10
682,H10
683,H10
684,H10
685,H10
686,H11
687,H11
688,H11
689,H11
690,H12
691,H12
692,H12
693,H12
694,H12
695,H9
696,H9
697,H9
698,H9
699,H9
700,H9
701,H9
702,H9
703,H10
704,H10
705,H10
706,H10
707,H10
708,H10
709,H10
710,H11
711,H11
712,H11
713,H11
714,H12
715,H12
716,H12
717,H12
718,H12
719,H9
720,H9
721,H9
722,H9
723,H9
724,H9
725,H9
726,H9
727,H10
728,H10
729,H10
730,H10
731,H10
732,H10
733,H10
734,H11
735,H11
736,H11
737,H11
738,H12
739,H12
740,H12
741,H12
742,H12
743,H9
744,H9
745,H9
746,H9
747,H9
748,H9
749,H9
750,H9
751,H10
752,H10
753,H10
754,H10
755,H10
756,H10
757,H10
758,H11
759,H11
760,H11
761,H11
762,H12
763,H12
764,H12
765,H12
766,H12
767,H9
768,H9
769,H9
770,H9
771,H9
772,H9
773,H9
774,H9
775,H10
776,H10
777,H10
778,H10
779,H10
780,H10
781,H10
782,H11
783,H11
784,H11
785,H11
786,H12
787,H12
788,H12
789,H12
790,H12
791,H9
792,H9
793,H9
794,H9
795,H9
796,H9
797,H9
798,H9
799,H10
800,H10
801,H10
802,H10
803,H10
804,H10
805,H10
806,H11
807,H11
808,H11
809,H11
810,H12
811,H12
812,H12
813,H12
814,H12
815,H9
816,H9
817,H9
818,H9
819,H9
820,H9
821,H9
822,H9
823,H10
824,H10
825,H10
826,H10
827,H10
828,H10
829,H10
830,H11
831,H11
832,H11
833,H11
834,H12
835,H12
836,H12
837,H12
838,H12
839,H9
840,H9
841,H9
842,H9
843,H9
844,H9
845,H9
846,H9
847,H10
848,H10
849,H10
850,H10
851,H10
852,H10
853,H10
854,H11
855,H11
856,H11
857,H11
858,H12
859,H12
860,H12
861,H12
862,H12
863,H9
864,H9
865,H9
866,H9
867,H9
868,H9
869,H9
870,H9
871,H10
872,H10
873,H10
874,H10
875,H10
876,H10
877,H10
878,H11
879,H11
880,H11
881,H11
882,H12
883,H12
884,H12
885,H12
886,H12
887,H9
888,H9
889,H9
890,H9
891,H9
892,H9
893,H9
894,H9
895,H10
896,H10
897,H10
898,H10
899,H10
900,H10
901,H10
902,H11
903,H11
904,H11
905,H11
906,H12
907,H12
908,H12
909,H12
910,H12
911,H9
912,H9
913,H9
914,H9
915,H9
916,H9
917,H9
918,H9
919,H10
920,H10
921,H10
922,H10
923,H10
924,H10
925,H10
926,H11
927,H11
928,H11
929,H11
930,H12
931,H12
932,H12
933,H12
934,H12
935,H9
936,H9
937,H9
938,H9
939,H9
940,H9
941,H9
942,H9
943,H10
944,H10
945,H10
946,H10
947,H10
948,H10
949,H10
950,H11
951,H11
952,H11
953,H11
954,H12
955,H12
956,H12
957,H12
958,H12
959,H9
960,H9
961,H9
962,H9
963,H9
964,H9
965,H9
966,H9
967,H10
968,H10
969,H10
970,H10
971,H10
972,H10
973,H10
974,H11
975,H11
976,H11
977,H11
978,H12
979,H12
980,H12
981,H12
982,H12
983,H9
984,H9
985,H9
986,H9
987,H9
988,H9
989,H9
990,H9
991,H10
992,H10
993,H10
994,H10
995,H10
996,H10
997,H10
998,H11
999,H11
1000,H11
1001,H11
1002,H12
1003,H12
1004,H12
1005,H12
1006,H12
1007,H9
1008,H9
1009,H9
1010,H9
1011,H9
1012,H9
1013,H9
1014,H9
1015,H10
1016,H10
1017,H10
1018,H10
1019,H10
1020,H10
1021,H10
1022,H11
1023,H11
1024,H11
1025,H11
1026,H12
1027,H12
1028,H12
1029,H12
1030,H12
1031,H9
1032,H9
1033,H9
1034,H9
1035,H9
1036,H9
1037,H9
1038,H9
1039,H10
1040,H10
1041,H10
1042,H10
1043,H10
1044,H10
1045,H10
1046,H11
1047,H11
1048,H11
1049,H11
1050,H12
1051,H12
1052,H12
1053,H12
1054,H12
1055,H9
1056,H9
1057,H9
1058,H9
1059,H9
1060,H9
1061,H9
1062,H9
1063,H10
1064,H10
1065,H10
1066,H10
1067,H10
1068,H10
1069,H10
1070,H11
1071,H11
1072,H11
1073,H11
1074,H12
1075,H12
1076,H12
1077,H12
1078,H12
1079,H9
1080,H9
1081,H9
1082,H9
1083,H9
1084,H9
1085,H9
1086,H9
1087,H10
1088,H10
1089,H10
1090,H10
1091,H10
1092,H10
1093,H10
1094,H11
1095,H11
1096,H11
1097,H11
1098,H12
1099,H12
1100,H12
1101,H12
1102,H12
1103,H9
1104,H9
1105,H9
1106,H9
1107,H9
1108,H9
1109,H9
1110,H9
1111,H10
1112,H10
1113,H10
1114,H10
1115,H10
1116,H10
1117,H10
1118,H11
1119,H11
1120,H11
1121,H11
1122,H12
1123,H12
1124,H12
1125,H12
1126,H12
1127,H9
1128,H9
1129,H9
1130,H9
1131,H9
1132,H9
1133,H9
1134,H9
1135,H10
1136,H10
1137,H10
1138,H10
1139,H10
1140,H10
1141,H10
1142,H11
1143,H11
1144,H11
1145,H11
1146,H12
1147,H12
1148,H12
1149,H12
1150,H12
1151,H9
1152,H9
1153,H9
1154,H9
1155,H9
1156,H9
1157,H9
1158,H9
1159,H10
1160,H10
1161,H10
1162,H10
1163,H10
1164,H10
1165,H10
1166,H11
1167,H11
1168,H11
1169,H11
1170,H12
1171,H12
1172,H12
1173,H12
1174,H12
1175,H9
1176,H9
1177,H9
1178,H9
1179,H9
1180,H9
1181,H9
1182,H9
1183,H10
1184,H10
1185,H10
1186,H10
1187,H10
1188,H10
1189,H10
1190,H11
1191,H11
1192,H11
1193,H11
1194,H12
1195,H12
1196,H12
1197,H12
1198,H12
1199,H9
1200,H9
1201,H9
1202,H9
1203,H9
1204,H9
1205,H9
1206,H9
1207,H10
1208,H10
1209,H10
1210,H10
1211,H10
1212,H10
1213,H10
1214,H11
1215,H11
1216,H11
1217,H11
1218,H12
1219,H12
1220,H12
1221,H12
1222,H12
1223,H9
1224,H9
1225,H9
1226,H9
1227,H9
1228,H9
1229,H9
1230,H9
1231,H10
1232,H10
1233,H10
1234,H10
1235,H10
1236,H10
1237,H10
1238,H11
1239,H11
1240,H11
1241,H11
1242,H12
1243,H12
1244,H12
1245,H12
1246,H12
1247,H9
1248,H9
1249,H9
1250,H9
1251,H9
1252,H9
1253,H9
1254,H9
1255,H10
1256,H10
1257,H10
1258,H10
1259,H10
1260,H10
1261,H10
1262,H11
1263,H11
1264,H11
1265,H11
1266,H12
1267,H12
1268,H12
1269,H12
1270,H12
1271,H9
1272,H9
1273,H9
1274,H9
1275,H9
1276,H9
1277,H9
1278,H9
1279,H10
1280,H10
1281,H10
1282,H10
1283,H10
1284,H10
1285,H10
1286,H11
1287,H11
1288,H11
1289,H11
1290,H12
1291,H12
1292,H12
1293,H12
1294,H12
1295,H9
1296,H9
1297,H9
1298,H9
1299,H9
1300,H9
1301,H9
1302,H9
1303,H10
1304,H10
1305,H10
1306,H10
1307,H10
1308,H10
1309,H10
1310,H11
1311,H11
1312,H11
1313,H11
1314,H12
1315,H12
1316,H12
1317,H12
1318,H12
1319,H9
1320,H9
1321,H9
1322,H9
1323,H9
1324,H9
1325,H9
1326,H9
1327,H10
1328,H10
1329,H10
1330,H10
1331,H10
1332,H10
1333,H10
1334,H11
1335,H11
1336,H11
1337,H11
1338,H12
1339,H12
1340,H12
1341,H12
1342,H12
1343,H9
1344,H9
1345,H9
1346,H9
1347,H9
1348,H9
1349,H9
1350,H9
1351,H10
1352,H10
1353,H10
1354,H10
1355,H10
1356,H10
1357,H10
1358,H11
1359,H11
1360,H11
1361,H11
1362,H12
1363,H12
1364,H12
1365,H12
1366,H12
1367,H9
1368,H9
1369,H9
1370,H9
1371,H9
1372,H9
1373,H9
1374,H9
1375,H10
1376,H10
1377,H10
1378,H10
1379,H10
1380,H10
1381,H10
1382,H11
1383,H11
1384,H11
1385,H11
1386,H12
1387,H12
1388,H12
1389,H12
1390,H12
1391,H9
1392,H9
1393,H9
1394,H9
1395,H9
1396,H9
1397,H9
1398,H9
1399,H10
1400,H10
1401,H10
1402,H10
1403,H10
1404,H10
1405,H10
1406,H11
1407,H11
1408,H11
1409,H11
1410,H12
1411,H12
1412,H12
1413,H12
1414,H12
1415,H9
1416,H13
1417,H13
1418,H13
1419,H13
1420,H13
1421,H13
1422,H13
1423,H14
1424,H14
1425,H14
1426,H14
1427,H14
1428,H14
1429,H14
1430,H15
1431,H15
1432,H15
1433,H15
1434,H16
1435,H16
1436,H16
1437,H16
1438,H16
1439,H13
1440,H13
1441,H13
1442,H13
1443,H13
1444,H13
1445,H13
1446,H13
1447,H14
1448,H14
1449,H14
1450,H14
1451,H14
1452,H14
1453,H14
1454,H15
1455,H15
1456,H15
1457,H15
1458,H16
1459,H16
1460,H16
1461,H16
1462,H16
1463,H13
1464,H13
1465,H13
1466,H13
1467,H13
1468,H13
1469,H13
1470,H13
1471,H14
1472,H14
1473,H14
1474,H14
1475,H14
1476,H14
1477,H14
1478,H15
1479,H15
1480,H15
1481,H15
1482,H16
1483,H16
1484,H16
1485,H16
1486,H16
1487,H13
1488,H13
1489,H13
1490,H13
1491,H13
1492,H13
1493,H13
1494,H13
1495,H14
1496,H14
1497,H14
1498,H14
1499,H14
1500,H14
1501,H14
1502,H15
1503,H15
1504,H15
1505,H15
1506,H16
1507,H16
1508,H16
1509,H16
1510,H16
1511,H13
1512,H13
1513,H13
1514,H13
1515,H13
1516,H13
1517,H13
1518,H13
1519,H14
1520,H14
1521,H14
1522,H14
1523,H14
1524,H14
1525,H14
1526,H15
1527,H15
1528,H15
1529,H15
1530,H16
1531,H16
1532,H16
1533,H16
1534,H16
1535,H13
1536,H13
1537,H13
1538,H13
1539,H13
1540,H13
1541,H13
1542,H13
1543,H14
1544,H14
1545,H14
1546,H14
1547,H14
1548,H14
1549,H14
1550,H15
1551,H15
1552,H15
1553,H15
1554,H16
1555,H16
1556,H16
1557,H16
1558,H16
1559,H13
1560,H13
1561,H13
1562,H13
1563,H13
1564,H13
1565,H13
1566,H13
1567,H14
1568,H14
1569,H14
1570,H14
1571,H14
1572,H14
1573,H14
1574,H15
1575,H15
1576,H15
1577,H15
1578,H16
1579,H16
1580,H16
1581,H16
1582,H16
1583,H13
1584,H13
1585,H13
1586,H13
1587,H13
1588,H13
1589,H13
1590,H13
1591,H14
1592,H14
1593,H14
1594,H14
1595,H14
1596,H14
1597,H14
1598,H15
1599,H15
1600,H15
1601,H15
1602,H16
1603,H16
1604,H16
1605,H16
1606,H16
1607,H13
1608,H13
1609,H13
1610,H13
1611,H13
1612,H13
1613,H13
1614,H13
1615,H14
1616,H14
1617,H14
1618,H14
1619,H14
1620,H14
1621,H14
1622,H15
1623,H15
1624,H15
1625,H15
1626,H16
1627,H16
1628,H16
1629,H16
1630,H16
1631,H13
1632,H13
1633,H13
1634,H13
1635,H13
1636,H13
1637,H13
1638,H13
1639,H14
1640,H14
1641,H14
1642,H14
1643,H14
1644,H14
1645,H14
1646,H15
1647,H15
1648,H15
1649,H15
1650,H16
1651,H16
1652,H16
1653,H16
1654,H16
1655,H13
1656,H13
1657,H13
1658,H13
1659,H13
1660,H13
1661,H13
1662,H13
1663,H14
1664,H14
1665,H14
1666,H14
1667,H14
1668,H14
1669,H14
1670,H15
1671,H15
1672,H15
1673,H15
1674,H16
1675,H16
1676,H16
1677,H16
1678,H16
1679,H13
1680,H13
1681,H13
1682,H13
1683,H13
1684,H13
1685,H13
1686,H13
1687,H14
1688,H14
1689,H14
1690,H14
1691,H14
1692,H14
1693,H14
1694,H15
1695,H15
1696,H15
1697,H15
1698,H16
1699,H16
1700,H16
1701,H16
1702,H16
1703,H13
1704,H13
1705,H13
1706,H13
1707,H13
1708,H13
1709,H13
1710,H13
1711,H14
1712,H14
1713,H14
1714,H14
1715,H14
1716,H14
1717,H14
1718,H15
1719,H15
1720,H15
1721,H15
1722,H16
1723,H16
1724,H16
1725,H16
1726,H16
1727,H13
1728,H13
1729,H13
1730,H13
1731,H13
1732,H13
1733,H13
1734,H13
1735,H14
1736,H14
1737,H14
1738,H14
1739,H14
1740,H14
1741,H14
1742,H15
1743,H15
1744,H15
1745,H15
1746,H16
1747,H16
1748,H16
1749,H16
1750,H16
1751,H13
1752,H13
1753,H13
1754,H13
1755,H13
1756,H13
1757,H13
1758,H13
1759,H14
1760,H14
1761,H14
1762,H14
1763,H14
1764,H14
1765,H14
1766,H15
1767,H15
1768,H15
1769,H15
1770,H16
1771,H16
1772,H16
1773,H16
1774,H16
1775,H13
1776,H13
1777,H13
1778,H13
1779,H13
1780,H13
1781,H13
1782,H13
1783,H14
1784,H14
1785,H14
1786,H14
1787,H14
1788,H14
1789,H14
1790,H15
1791,H15
1792,H15
1793,H15
1794,H16
1795,H16
1796,H16
1797,H16
1798,H16
1799,H13
1800,H13
1801,H13
1802,H13
1803,H13
1804,H13
1805,H13
1806,H13
1807,H14
1808,H14
1809,H14
1810,H14
1811,H14
1812,H14
1813,H14
1814,H15
1815,H15
1816,H15
1817,H15
1818,H16
1819,H16
1820,H16
1821,H16
1822,H16
1823,H13
1824,H13
1825,H13
1826,H13
1827,H13
1828,H13
1829,H13
1830,H13
1831,H14
1832,H14
1833,H14
1834,H14
1835,H14
1836,H14
1837,H14
1838,H15
1839,H15
1840,H15
1841,H15
1842,H16
1843,H16
1844,H16
1845,H16
1846,H16
1847,H13
1848,H13
1849,H13
1850,H13
1851,H13
1852,H13
1853,H13
1854,H13
1855,H14
1856,H14
1857,H14
1858,H14
1859,H14
1860,H14
1861,H14
1862,H15
1863,H15
1864,H15
1865,H15
1866,H16
1867,H16
1868,H16
1869,H16
1870,H16
1871,H13
1872,H13
1873,H13
1874,H13
1875,H13
1876,H13
1877,H13
1878,H13
1879,H14
1880,H14
1881,H14
1882,H14
1883,H14
1884,H14
1885,H14
1886,H15
1887,H15
1888,H15
1889,H15
1890,H16
1891,H16
1892,H16
1893,H16
1894,H16
1895,H13
1896,H13
1897,H13
1898,H13
1899,H13
1900,H13
1901,H13
1902,H13
1903,H14
1904,H14
1905,H14
1906,H14
1907,H14
1908,H14
1909,H14
1910,H15
1911,H15
1912,H15
1913,H15
1914,H16
1915,H16
1916,H16
1917,H16
1918,H16
1919,H13
1920,H13
1921,H13
1922,H13
1923,H13
1924,H13
1925,H13
1926,H13
1927,H14
1928,H14
1929,H14
1930,H14
1931,H14
1932,H14
1933,H14
1934,H15
1935,H15
1936,H15
1937,H15
1938,H16
1939,H16
1940,H16
1941,H16
1942,H16
1943,H13
1944,H13
1945,H13
1946,H13
1947,H13
1948,H13
1949,H13
1950,H13
1951,H14
1952,H14
1953,H14
1954,H14
1955,H14
1956,H14
1957,H14
1958,H15
1959,H15
1960,H15
1961,H15
1962,H16
1963,H16
1964,H16
1965,H16
1966,H16
1967,H13
1968,H13
1969,H13
1970,H13
1971,H13
1972,H13
1973,H13
1974,H13
1975,H14
1976,H14
1977,H14
1978,H14
1979,H14
1980,H14
1981,H14
1982,H15
1983,H15
1984,H15
1985,H15
1986,H16
1987,H16
1988,H16
1989,H16
1990,H16
1991,H13
1992,H13
1993,H13
1994,H13
1995,H13
1996,H13
1997,H13
1998,H13
1999,H14
2000,H14
2001,H14
2002,H14
2003,H14
2004,H14
2005,H14
2006,H15
2007,H15
2008,H15
2009,H15
2010,H16
2011,H16
2012,H16
2013,H16
2014,H16
2015,H13
2016,H13
2017,H13
2018,H13
2019,H13
2020,H13
2021,H13
2022,H13
2023,H14
2024,H14
2025,H14
2026,H14
2027,H14
2028,H14
2029,H14
2030,H15
2031,H15
2032,H15
2033,H15
2034,H16
2035,H16
2036,H16
2037,H16
2038,H16
2039,H13
2040,H13
2041,H13
2042,H13
2043,H13
2044,H13
2045,H13
2046,H13
2047,H14
2048,H14
2049,H14
2050,H14
2051,H14
2052,H14
2053,H14
2054,H15
2055,H15
2056,H15
2057,H15
2058,H16
2059,H16
2060,H16
2061,H16
2062,H16
2063,H13
2064,H13
2065,H13
2066,H13
2067,H13
2068,H13
2069,H13
2070,H13
2071,H14
2072,H14
2073,H14
2074,H14
2075,H14
2076,H14
2077,H14
2078,H15
2079,H15
2080,H15
2081,H15
2082,H16
2083,H16
2084,H16
2085,H16
2086,H16
2087,H13
2088,H13
2089,H13
2090,H13
2091,H13
2092,H13
2093,H13
2094,H13
2095,H14
2096,H14
2097,H14
2098,H14
2099,H14
2100,H14
2101,H14
2102,H15
2103,H15
2104,H15
2105,H15
2106,H16
2107,H16
2108,H16
2109,H16
2110,H16
2111,H13
2112,H13
2113,H13
2114,H13
2115,H13
2116,H13
2117,H13
2118,H13
2119,H14
2120,H14
2121,H14
2122,H14
2123,H14
2124,H14
2125,H14
2126,H15
2127,H15
2128,H15
2129,H15
2130,H16
2131,H16
2132,H16
2133,H16
2134,H16
2135,H13
2136,H13
2137,H13
2138,H13
2139,H13
2140,H13
2141,H13
2142,H13
2143,H14
2144,H14
2145,H14
2146,H14
2147,H14
2148,H14
2149,H14
2150,H15
2151,H15
2152,H15
2153,H15
2154,H16
2155,H16
2156,H16
2157,H16
2158,H16
2159,H13
2160,H13
2161,H13
2162,H13
2163,H13
2164,H13
2165,H13
2166,H13
2167,H14
2168,H14
2169,H14
2170,H14
2171,H14
2172,H14
2173,H14
2174,H15
2175,H15
2176,H15
2177,H15
2178,H16
2179,H16
2180,H16
2181,H16
2182,H16
2183,H13
2184,H13
2185,H13
2186,H13
2187,H13
2188,H13
2189,H13
2190,H13
2191,H14
2192,H14
2193,H14
2194,H14
2195,H14
2196,H14
2197,H14
2198,H15
2199,H15
2200,H15
2201,H15
2202,H16
2203,H16
2204,H16
2205,H16
2206,H16
2207,H13
2208,H13
2209,H13
2210,H13
2211,H13
2212,H13
2213,H13
2214,H13
2215,H14
2216,H14
2217,H14
2218,H14
2219,H14
2220,H14
2221,H14
2222,H15
2223,H15
2224,H15
2225,H15
2226,H16
2227,H16
2228,H16
2229,H16
2230,H16
2231,H13
2232,H13
2233,H13
2234,H13
2235,H13
2236,H13
2237,H13
2238,H13
2239,H14
2240,H14
2241,H14
2242,H14
2243,H14
2244,H14
2245,H14
2246,H15
2247,H15
2248,H15
2249,H15
2250,H16
2251,H16
2252,H16
2253,H16
2254,H16
2255,H13
2256,H13
2257,H13
2258,H13
2259,H13
2260,H13
2261,H13
2262,H13
2263,H14
2264,H14
2265,H14
2266,H14
2267,H14
2268,H14
2269,H14
2270,H15
2271,H15
2272,H15
2273,H15
2274,H16
2275,H16
2276,H16
2277,H16
2278,H16
2279,H13
2280,H13
2281,H13
2282,H13
2283,H13
2284,H13
2285,H13
2286,H13
2287,H14
2288,H14
2289,H14
2290,H14
2291,H14
2292,H14
2293,H14
2294,H15
2295,H15
2296,H15
2297,H15
2298,H16
2299,H16
2300,H16
2301,H16
2302,H16
2303,H13
2304,H13
2305,H13
2306,H13
2307,H13
2308,H13
2309,H13
2310,H13
2311,H14
2312,H14
2313,H14
2314,H14
2315,H14
2316,H14
2317,H14
2318,H15
2319,H15
2320,H15
2321,H15
2322,H16
2323,H16
2324,H16
2325,H16
2326,H16
2327,H13
2328,H13
2329,H13
2330,H13
2331,H13
2332,H13
2333,H13
2334,H13
2335,H14
2336,H14
2337,H14
2338,H14
2339,H14
2340,H14
2341,H14
2342,H15
2343,H15
2344,H15
2345,H15
2346,H16
2347,H16
2348,H16
2349,H16
2350,H16
2351,H13
2352,H13
2353,H13
2354,H13
2355,H13
2356,H13
2357,H13
2358,H13
2359,H14
2360,H14
2361,H14
2362,H14
2363,H14
2364,H14
2365,H14
2366,H15
2367,H15
2368,H15
2369,H15
2370,H16
2371,H16
2372,H16
2373,H16
2374,H16
2375,H13
2376,H13
2377,H13
2378,H13
2379,H13
2380,H13
2381,H13
2382,H13
2383,H14
2384,H14
2385,H14
2386,H14
2387,H14
2388,H14
2389,H14
2390,H15
2391,H15
2392,H15
2393,H15
2394,H16
2395,H16
2396,H16
2397,H16
2398,H16
2399,H13
2400,H13
2401,H13
2402,H13
2403,H13
2404,H13
2405,H13
2406,H13
2407,H14
2408,H14
2409,H14
2410,H14
2411,H14
2412,H14
2413,H14
2414,H15
2415,H15
2416,H15
2417,H15
2418,H16
2419,H16
2420,H16
2421,H16
2422,H16
2423,H13
2424,H13
2425,H13
2426,H13
2427,H13
2428,H13
2429,H13
2430,H13
2431,H14
2432,H14
2433,H14
2434,H14
2435,H14
2436,H14
2437,H14
2438,H15
2439,H15
2440,H15
2441,H15
2442,H16
2443,H16
2444,H16
2445,H16
2446,H16
2447,H13
2448,H13
2449,H13
2450,H13
2451,H13
2452,H13
2453,H13
2454,H13
2455,H14
2456,H14
2457,H14
2458,H14
2459,H14
2460,H14
2461,H14
2462,H15
2463,H15
2464,H15
2465,H15
2466,H16
2467,H16
2468,H16
2469,H16
2470,H16
2471,H13
2472,H13
2473,H13
2474,H13
2475,H13
2476,H13
2477,H13
2478,H13
2479,H14
2480,H14
2481,H14
2482,H14
2483,H14
2484,H14
2485,H14
2486,H15
2487,H15
2488,H15
2489,H15
2490,H16
2491,H16
2492,H16
2493,H16
2494,H16
2495,H13
2496,H13
2497,H13
2498,H13
2499,H13
2500,H13
2501,H13
2502,H13
2503,H14
2504,H14
2505,H14
2506,H14
2507,H14
2508,H14
2509,H14
2510,H15
2511,H15
2512,H15
2513,H15
2514,H16
2515,H16
2516,H16
2517,H16
2518,H16
2519,H13
2520,H13
2521,H13
2522,H13
2523,H13
2524,H13
2525,H13
2526,H13
2527,H14
2528,H14
2529,H14
2530,H14
2531,H14
2532,H14
2533,H14
2534,H15
2535,H15
2536,H15
2537,H15
2538,H16
2539,H16
2540,H16
2541,H16
2542,H16
2543,H13
2544,H13
2545,H13
2546,H13
2547,H13
2548,H13
2549,H13
2550,H13
2551,H14
2552,H14
2553,H14
2554,H14
2555,H14
2556,H14
2557,H14
2558,H15
2559,H15
2560,H15
2561,H15
2562,H16
2563,H16
2564,H16
2565,H16
2566,H16
2567,H13
2568,H13
2569,H13
2570,H13
2571,H13
2572,H13
2573,H13
2574,H13
2575,H14
2576,H14
2577,H14
2578,H14
2579,H14
2580,H14
2581,H14
2582,H15
2583,H15
2584,H15
2585,H15
2586,H16
2587,H16
2588,H16
2589,H16
2590,H16
2591,H13
2592,H13
2593,H13
2594,H13
2595,H13
2596,H13
2597,H13
2598,H13
2599,H14
2600,H14
2601,H14
2602,H14
2603,H14
2604,H14
2605,H14
2606,H15
2607,H15
2608,H15
2609,H15
2610,H16
2611,H16
2612,H16
2613,H16
2614,H16
2615,H13
2616,H13
2617,H13
2618,H13
2619,H13
2620,H13
2621,H13
2622,H13
2623,H14
2624,H14
2625,H14
2626,H14
2627,H14
2628,H14
2629,H14
2630,H15
2631,H15
2632,H15
2633,H15
2634,H16
2635,H16
2636,H16
2637,H16
2638,H16
2639,H13
2640,H13
2641,H13
2642,H13
2643,H13
2644,H13
2645,H13
2646,H13
2647,H14
2648,H14
2649,H14
2650,H14
2651,H14
2652,H14
2653,H14
2654,H15
2655,H15
2656,H15
2657,H15
2658,H16
2659,H16
2660,H16
2661,H16
2662,H16
2663,H13
2664,H13
2665,H13
2666,H13
2667,H13
2668,H13
2669,H13
2670,H13
2671,H14
2672,H14
2673,H14
2674,H14
2675,H14
2676,H14
2677,H14
2678,H15
2679,H15
2680,H15
2681,H15
2682,H16
2683,H16
2684,H16
2685,H16
2686,H16
2687,H13
2688,H13
2689,H13
2690,H13
2691,H13
2692,H13
2693,H13
2694,H13
2695,H14
2696,H14
2697,H14
2698,H14
2699,H14
2700,H14
2701,H14
2702,H15
2703,H15
2704,H15
2705,H15
2706,H16
2707,H16
2708,H16
2709,H16
2710,H16
2711,H13
2712,H13
2713,H13
2714,H13
2715,H13
2716,H13
2717,H13
2718,H13
2719,H14
2720,H14
2721,H14
2722,H14
2723,H14
2724,H14
2725,H14
2726,H15
2727,H15
2728,H15
2729,H15
2730,H16
2731,H16
2732,H16
2733,H16
2734,H16
2735,H13
2736,H13
2737,H13
2738,H13
2739,H13
2740,H13
2741,H13
2742,H13
2743,H14
2744,H14
2745,H14
2746,H14
2747,H14
2748,H14
2749,H14
2750,H15
2751,H15
2752,H15
2753,H15
2754,H16
2755,H16
2756,H16
2757,H16
2758,H16
2759,H13
2760,H13
2761,H13
2762,H13
2763,H13
2764,H13
2765,H13
2766,H13
2767,H14
2768,H14
2769,H14
2770,H14
2771,H14
2772,H14
2773,H14
2774,H15
2775,H15
2776,H15
2777,H15
2778,H16
2779,H16
2780,H16
2781,H16
2782,H16
2783,H13
2784,H13
2785,H13
2786,H13
2787,H13
2788,H13
2789,H13
2790,H13
2791,H14
2792,H14
2793,H14
2794,H14
2795,H14
2796,H14
2797,H14
2798,H15
2799,H15
2800,H15
2801,H15
2802,H16
2803,H16
2804,H16
2805,H16
2806,H16
2807,H13
2808,H13
2809,H13
2810,H13
2811,H13
2812,H13
2813,H13
2814,H13
2815,H14
2816,H14
2817,H14
2818,H14
2819,H14
2820,H14
2821,H14
2822,H15
2823,H15
2824,H15
2825,H15
2826,H16
2827,H16
2828,H16
2829,H16
2830,H16
2831,H13
2832,H13
2833,H13
2834,H13
2835,H13
2836,H13
2837,H13
2838,H13
2839,H14
2840,H14
2841,H14
2842,H14
2843,H14
2844,H14
2845,H14
2846,H15
2847,H15
2848,H15
2849,H15
2850,H16
2851,H16
2852,H16
2853,H16
2854,H16
2855,H13
2856,H13
2857,H13
2858,H13
2859,H13
2860,H13
2861,H13
2862,H13
2863,H14
2864,H14
2865,H14
2866,H14
2867,H14
2868,H14
2869,H14
2870,H15
2871,H15
2872,H15
2873,H15
2874,H16
2875,H16
2876,H16
2877,H16
2878,H16
2879,H13
2880,H13
2881,H13
2882,H13
2883,H13
2884,H13
2885,H13
2886,H13
2887,H14
2888,H14
2889,H14
2890,H14
2891,H14
2892,H14
2893,H14
2894,H15
2895,H15
2896,H15
2897,H15
2898,H16
2899,H16
2900,H16
2901,H16
2902,H16
2903,H13
2904,H13
2905,H13
2906,H13
2907,H13
2908,H13
2909,H13
2910,H13
2911,H14
2912,H14
2913,H14
2914,H14
2915,H14
2916,H14
2917,H14
2918,H15
2919,H15
2920,H15
2921,H15
2922,H16
2923,H16
2924,H16
2925,H16
2926,H16
2927,H13
2928,H13
2929,H13
2930,H13
2931,H13
2932,H13
2933,H13
2934,H13
2935,H14
2936,H14
2937,H14
2938,H14
2939,H14
2940,H14
2941,H14
2942,H15
2943,H15
2944,H15
2945,H15
2946,H16
2947,H16
2948,H16
2949,H16
2950,H16
2951,H13
2952,H13
2953,H13
2954,H13
2955,H13
2956,H13
2957,H13
2958,H13
2959,H14
2960,H14
2961,H14
2962,H14
2963,H14
2964,H14
2965,H14
2966,H15
2967,H15
2968,H15
2969,H15
2970,H16
2971,H16
2972,H16
2973,H16
2974,H16
2975,H13
2976,H13
2977,H13
2978,H13
2979,H13
2980,H13
2981,H13
2982,H13
2983,H14
2984,H14
2985,H14
2986,H14
2987,H14
2988,H14
2989,H14
2990,H15
2991,H15
2992,H15
2993,H15
2994,H16
2995,H16
2996,H16
2997,H16
2998,H16
2999,H13
3000,H13
3001,H13
3002,H13
3003,H13
3004,H13
3005,H13
3006,H13
3007,H14
3008,H14
3009,H14
3010,H14
3011,H14
3012,H14
3013,H14
3014,H15
3015,H15
3016,H15
3017,H15
3018,H16
3019,H16
3020,H16
3021,H16
3022,H16
3023,H13
3024,H13
3025,H13
3026,H13
3027,H13
3028,H13
3029,H13
3030,H13
3031,H14
3032,H14
3033,H14
3034,H14
3035,H14
3036,H14
3037,H14
3038,H15
3039,H15
3040,H15
3041,H15
3042,H16
3043,H16
3044,H16
3045,H16
3046,H16
3047,H13
3048,H13
3049,H13
3050,H13
3051,H13
3052,H13
3053,H13
3054,H13
3055,H14
3056,H14
3057,H14
3058,H14
3059,H14
3060,H14
3061,H14
3062,H15
3063,H15
3064,H15
3065,H15
3066,H16
3067,H16
3068,H16
3069,H16
3070,H16
3071,H13
3072,H13
3073,H13
3074,H13
3075,H13
3076,H13
3077,H13
3078,H13
3079,H14
3080,H14
3081,H14
3082,H14
3083,H14
3084,H14
3085,H14
3086,H15
3087,H15
3088,H15
3089,H15
3090,H16
3091,H16
3092,H16
3093,H16
3094,H16
3095,H13
3096,H13
3097,H13
3098,H13
3099,H13
3100,H13
3101,H13
3102,H13
3103,H14
3104,H14
3105,H14
3106,H14
3107,H14
3108,H14
3109,H14
3110,H15
3111,H15
3112,H15
3113,H15
3114,H16
3115,H16
3116,H16
3117,H16
3118,H16
3119,H13
3120,H13
3121,H13
3122,H13
3123,H13
3124,H13
3125,H13
3126,H13
3127,H14
3128,H14
3129,H14
3130,H14
3131,H14
3132,H14
3133,H14
3134,H15
3135,H15
3136,H15
3137,H15
3138,H16
3139,H16
3140,H16
3141,H16
3142,H16
3143,H13
3144,H13
3145,H13
3146,H13
3147,H13
3148,H13
3149,H13
3150,H13
3151,H14
3152,H14
3153,H14
3154,H14
3155,H14
3156,H14
3157,H14
3158,H15
3159,H15
3160,H15
3161,H15
3162,H16
3163,H16
3164,H16
3165,H16
3166,H16
3167,H13
3168,H13
3169,H13
3170,H13
3171,H13
3172,H13
3173,H13
3174,H13
3175,H14
3176,H14
3177,H14
3178,H14
3179,H14
3180,H14
3181,H14
3182,H15
3183,H15
3184,H15
3185,H15
3186,H16
3187,H16
3188,H16
3189,H16
3190,H16
3191,H13
3192,H13
3193,H13
3194,H13
3195,H13
3196,H13
3197,H13
3198,H13
3199,H14
3200,H14
3201,H14
3202,H14
3203,H14
3204,H14
3205,H14
3206,H15
3207,H15
3208,H15
3209,H15
3210,H16
3211,H16
3212,H16
3213,H16
3214,H16
3215,H13
3216,H13
3217,H13
3218,H13
3219,H13
3220,H13
3221,H13
3222,H13
3223,H14
3224,H14
3225,H14
3226,H14
3227,H14
3228,H14
3229,H14
3230,H15
3231,H15
3232,H15
3233,H15
3234,H16
3235,H16
3236,H16
3237,H16
3238,H16
3239,H13
3240,H13
3241,H13
3242,H13
3243,H13
3244,H13
3245,H13
3246,H13
3247,H14
3248,H14
3249,H14
3250,H14
3251,H14
3252,H14
3253,H14
3254,H15
3255,H15
3256,H15
3257,H15
3258,H16
3259,H16
3260,H16
3261,H16
3262,H16
3263,H13
3264,H13
3265,H13
3266,H13
3267,H13
3268,H13
3269,H13
3270,H13
3271,H14
3272,H14
3273,H14
3274,H14
3275,H14
3276,H14
3277,H14
3278,H15
3279,H15
3280,H15
3281,H15
3282,H16
3283,H16
3284,H16
3285,H16
3286,H16
3287,H13
3288,H13
3289,H13
3290,H13
3291,H13
3292,H13
3293,H13
3294,H13
3295,H14
3296,H14
3297,H14
3298,H14
3299,H14
3300,H14
3301,H14
3302,H15
3303,H15
3304,H15
3305,H15
3306,H16
3307,H16
3308,H16
3309,H16
3310,H16
3311,H13
3312,H13
3313,H13
3314,H13
3315,H13
3316,H13
3317,H13
3318,H13
3319,H14
3320,H14
3321,H14
3322,H14
3323,H14
3324,H14
3325,H14
3326,H15
3327,H15
3328,H15
3329,H15
3330,H16
3331,H16
3332,H16
3333,H16
3334,H16
3335,H13
3336,H13
3337,H13
3338,H13
3339,H13
3340,H13
3341,H13
3342,H13
3343,H14
3344,H14
3345,H14
3346,H14
3347,H14
3348,H14
3349,H14
3350,H15
3351,H15
3352,H15
3353,H15
3354,H16
3355,H16
3356,H16
3357,H16
3358,H16
3359,H13
3360,H13
3361,H13
3362,H13
3363,H13
3364,H13
3365,H13
3366,H13
3367,H14
3368,H14
3369,H14
3370,H14
3371,H14
3372,H14
3373,H14
3374,H15
3375,H15
3376,H15
3377,H15
3378,H16
3379,H16
3380,H16
3381,H16
3382,H16
3383,H13
3384,H13
3385,H13
3386,H13
3387,H13
3388,H13
3389,H13
3390,H13
3391,H14
3392,H14
3393,H14
3394,H14
3395,H14
3396,H14
3397,H14
3398,H15
3399,H15
3400,H15
3401,H15
3402,H16
3403,H16
3404,H16
3405,H16
3406,H16
3407,H13
3408,H13
3409,H13
3410,H13
3411,H13
3412,H13
3413,H13
3414,H13
3415,H14
3416,H14
3417,H14
3418,H14
3419,H14
3420,H14
3421,H14
3422,H15
3423,H15
3424,H15
3425,H15
3426,H16
3427,H16
3428,H16
3429,H16
3430,H16
3431,H13
3432,H13
3433,H13
3434,H13
3435,H13
3436,H13
3437,H13
3438,H13
3439,H14
3440,H14
3441,H14
3442,H14
3443,H14
3444,H14
3445,H14
3446,H15
3447,H15
3448,H15
3449,H15
3450,H16
3451,H16
3452,H16
3453,H16
3454,H16
3455,H13
3456,H13
3457,H13
3458,H13
3459,H13
3460,H13
3461,H13
3462,H13
3463,H14
3464,H14
3465,H14
3466,H14
3467,H14
3468,H14
3469,H14
3470,H15
3471,H15
3472,H15
3473,H15
3474,H16
3475,H16
3476,H16
3477,H16
3478,H16
3479,H13
3480,H13
3481,H13
3482,H13
3483,H13
3484,H13
3485,H13
3486,H13
3487,H14
3488,H14
3489,H14
3490,H14
3491,H14
3492,H14
3493,H14
3494,H15
3495,H15
3496,H15
3497,H15
3498,H16
3499,H16
3500,H16
3501,H16
3502,H16
3503,H13
3504,H13
3505,H13
3506,H13
3507,H13
3508,H13
3509,H13
3510,H13
3511,H14
3512,H14
3513,H14
3514,H14
3515,H14
3516,H14
3517,H14
3518,H15
3519,H15
3520,H15
3521,H15
3522,H16
3523,H16
3524,H16
3525,H16
3526,H16
3527,H13
3528,H13
3529,H13
3530,H13
3531,H13
3532,H13
3533,H13
3534,H13
3535,H14
3536,H14
3537,H14
3538,H14
3539,H14
3540,H14
3541,H14
3542,H15
3543,H15
3544,H15
3545,H15
3546,H16
3547,H16
3548,H16
3549,H16
3550,H16
3551,H13
3552,H13
3553,H13
3554,H13
3555,H13
3556,H13
3557,H13
3558,H13
3559,H14
3560,H14
3561,H14
3562,H14
3563,H14
3564,H14
3565,H14
3566,H15
3567,H15
3568,H15
3569,H15
3570,H16
3571,H16
3572,H16
3573,H16
3574,H16
3575,H13
3576,H13
3577,H13
3578,H13
3579,H13
3580,H13
3581,H13
3582,H13
3583,H14
3584,H14
3585,H14
3586,H14
3587,H14
3588,H14
3589,H14
3590,H15
3591,H15
3592,H15
3593,H15
3594,H16
3595,H16
3596,H16
3597,H16
3598,H16
3599,H13
3600,H13
3601,H13
3602,H13
3603,H13
3604,H13
3605,H13
3606,H13
3607,H14
3608,H14
3609,H14
3610,H14
3611,H14
3612,H14
3613,H14
3614,H15
3615,H15
3616,H15
3617,H15
3618,H16
3619,H16
3620,H16
3621,H16
3622,H16
3623,H13
3624,H1
3625,H1
3626,H1
3627,H1
3628,H1
3629,H1
3630,H1
3631,H2
3632,H2
3633,H2
3634,H2
3635,H2
3636,H2
3637,H2
3638,H3
3639,H3
3640,H3
3641,H3
3642,H4
3643,H4
3644,H4
3645,H4
3646,H4
3647,H1
3648,H1
3649,H1
3650,H1
3651,H1
3652,H1
3653,H1
3654,H1
3655,H2
3656,H2
3657,H2
3658,H2
3659,H2
3660,H2
3661,H2
3662,H3
3663,H3
3664,H3
3665,H3
3666,H4
3667,H4
3668,H4
3669,H4
3670,H4
3671,H1
3672,H1
3673,H1
3674,H1
3675,H1
3676,H1
3677,H1
3678,H1
3679,H2
3680,H2
3681,H2
3682,H2
3683,H2
3684,H2
3685,H2
3686,H3
3687,H3
3688,H3
3689,H3
3690,H4
3691,H4
3692,H4
3693,H4
3694,H4
3695,H1
3696,H1
3697,H1
3698,H1
3699,H1
3700,H1
3701,H1
3702,H1
3703,H2
3704,H2
3705,H2
3706,H2
3707,H2
3708,H2
3709,H2
3710,H3
3711,H3
3712,H3
3713,H3
3714,H4
3715,H4
3716,H4
3717,H4
3718,H4
3719,H1
3720,H1
3721,H1
3722,H1
3723,H1
3724,H1
3725,H1
3726,H1
3727,H2
3728,H2
3729,H2
3730,H2
3731,H2
3732,H2
3733,H2
3734,H3
3735,H3
3736,H3
3737,H3
3738,H4
3739,H4
3740,H4
3741,H4
3742,H4
3743,H1
3744,H1
3745,H1
3746,H1
3747,H1
3748,H1
3749,H1
3750,H1
3751,H2
3752,H2
3753,H2
3754,H2
3755,H2
3756,H2
3757,H2
3758,H3
3759,H3
3760,H3
3761,H3
3762,H4
3763,H4
3764,H4
3765,H4
3766,H4
3767,H1
3768,H1
3769,H1
3770,H1
3771,H1
3772,H1
3773,H1
3774,H1
3775,H2
3776,H2
3777,H2
3778,H2
3779,H2
3780,H2
3781,H2
3782,H3
3783,H3
3784,H3
3785,H3
3786,H4
3787,H4
3788,H4
3789,H4
3790,H4
3791,H1
3792,H1
3793,H1
3794,H1
3795,H1
3796,H1
3797,H1
3798,H1
3799,H2
3800,H2
3801,H2
3802,H2
3803,H2
3804,H2
3805,H2
3806,H3
3807,H3
3808,H3
3809,H3
3810,H4
3811,H4
3812,H4
3813,H4
3814,H4
3815,H1
3816,H1
3817,H1
3818,H1
3819,H1
3820,H1
3821,H1
3822,H1
3823,H2
3824,H2
3825,H2
3826,H2
3827,H2
3828,H2
3829,H2
3830,H3
3831,H3
3832,H3
3833,H3
3834,H4
3835,H4
3836,H4
3837,H4
3838,H4
3839,H1
3840,H1
3841,H1
3842,H1
3843,H1
3844,H1
3845,H1
3846,H1
3847,H2
3848,H2
3849,H2
3850,H2
3851,H2
3852,H2
3853,H2
3854,H3
3855,H3
3856,H3
3857,H3
3858,H4
3859,H4
3860,H4
3861,H4
3862,H4
3863,H1
3864,H1
3865,H1
3866,H1
3867,H1
3868,H1
3869,H1
3870,H1
3871,H2
3872,H2
3873,H2
3874,H2
3875,H2
3876,H2
3877,H2
3878,H3
3879,H3
3880,H3
3881,H3
3882,H4
3883,H4
3884,H4
3885,H4
3886,H4
3887,H1
3888,H1
3889,H1
3890,H1
3891,H1
3892,H1
3893,H1
3894,H1
3895,H2
3896,H2
3897,H2
3898,H2
3899,H2
3900,H2
3901,H2
3902,H3
3903,H3
3904,H3
3905,H3
3906,H4
3907,H4
3908,H4
3909,H4
3910,H4
3911,H1
3912,H1
3913,H1
3914,H1
3915,H1
3916,H1
3917,H1
3918,H1
3919,H2
3920,H2
3921,H2
3922,H2
3923,H2
3924,H2
3925,H2
3926,H3
3927,H3
3928,H3
3929,H3
3930,H4
3931,H4
3932,H4
3933,H4
3934,H4
3935,H1
3936,H1
3937,H1
3938,H1
3939,H1
3940,H1
3941,H1
3942,H1
3943,H2
3944,H2
3945,H2
3946,H2
3947,H2
3948,H2
3949,H2
3950,H3
3951,H3
3952,H3
3953,H3
3954,H4
3955,H4
3956,H4
3957,H4
3958,H4
3959,H1
3960,H1
3961,H1
3962,H1
3963,H1
3964,H1
3965,H1
3966,H1
3967,H2
3968,H2
3969,H2
3970,H2
3971,H2
3972,H2
3973,H2
3974,H3
3975,H3
3976,H3
3977,H3
3978,H4
3979,H4
3980,H4
3981,H4
3982,H4
3983,H1
3984,H1
3985,H1
3986,H1
3987,H1
3988,H1
3989,H1
3990,H1
3991,H2
3992,H2
3993,H2
3994,H2
3995,H2
3996,H2
3997,H2
3998,H3
3999,H3
4000,H3
4001,H3
4002,H4
4003,H4
4004,H4
4005,H4
4006,H4
4007,H1
4008,H1
4009,H1
4010,H1
4011,H1
4012,H1
4013,H1
4014,H1
4015,H2
4016,H2
4017,H2
4018,H2
4019,H2
4020,H2
4021,H2
4022,H3
4023,H3
4024,H3
4025,H3
4026,H4
4027,H4
4028,H4
4029,H4
4030,H4
4031,H1
4032,H1
4033,H1
4034,H1
4035,H1
4036,H1
4037,H1
4038,H1
4039,H2
4040,H2
4041,H2
4042,H2
4043,H2
4044,H2
4045,H2
4046,H3
4047,H3
4048,H3
4049,H3
4050,H4
4051,H4
4052,H4
4053,H4
4054,H4
4055,H1
4056,H1
4057,H1
4058,H1
4059,H1
4060,H1
4061,H1
4062,H1
4063,H2
4064,H2
4065,H2
4066,H2
4067,H2
4068,H2
4069,H2
4070,H3
4071,H3
4072,H3
4073,H3
4074,H4
4075,H4
4076,H4
4077,H4
4078,H4
4079,H1
4080,H1
4081,H1
4082,H1
4083,H1
4084,H1
4085,H1
4086,H1
4087,H2
4088,H2
4089,H2
4090,H2
4091,H2
4092,H2
4093,H2
4094,H3
4095,H3
4096,H3
4097,H3
4098,H4
4099,H4
4100,H4
4101,H4
4102,H4
4103,H1
4104,H1
4105,H1
4106,H1
4107,H1
4108,H1
4109,H1
4110,H1
4111,H2
4112,H2
4113,H2
4114,H2
4115,H2
4116,H2
4117,H2
4118,H3
4119,H3
4120,H3
4121,H3
4122,H4
4123,H4
4124,H4
4125,H4
4126,H4
4127,H1
4128,H1
4129,H1
4130,H1
4131,H1
4132,H1
4133,H1
4134,H1
4135,H2
4136,H2
4137,H2
4138,H2
4139,H2
4140,H2
4141,H2
4142,H3
4143,H3
4144,H3
4145,H3
4146,H4
4147,H4
4148,H4
4149,H4
4150,H4
4151,H1
4152,H1
4153,H1
4154,H1
4155,H1
4156,H1
4157,H1
4158,H1
4159,H2
4160,H2
4161,H2
4162,H2
4163,H2
4164,H2
4165,H2
4166,H3
4167,H3
4168,H3
4169,H3
4170,H4
4171,H4
4172,H4
4173,H4
4174,H4
4175,H1
4176,H1
4177,H1
4178,H1
4179,H1
4180,H1
4181,H1
4182,H1
4183,H2
4184,H2
4185,H2
4186,H2
4187,H2
4188,H2
4189,H2
4190,H3
4191,H3
4192,H3
4193,H3
4194,H4
4195,H4
4196,H4
4197,H4
4198,H4
4199,H1
4200,H1
4201,H1
4202,H1
4203,H1
4204,H1
4205,H1
4206,H1
4207,H2
4208,H2
4209,H2
4210,H2
4211,H2
4212,H2
4213,H2
4214,H3
4215,H3
4216,H3
4217,H3
4218,H4
4219,H4
4220,H4
4221,H4
4222,H4
4223,H1
4224,H1
4225,H1
4226,H1
4227,H1
4228,H1
4229,H1
4230,H1
4231,H2
4232,H2
4233,H2
4234,H2
4235,H2
4236,H2
4237,H2
4238,H3
4239,H3
4240,H3
4241,H3
4242,H4
4243,H4
4244,H4
4245,H4
4246,H4
4247,H1
4248,H1
4249,H1
4250,H1
4251,H1
4252,H1
4253,H1
4254,H1
4255,H2
4256,H2
4257,H2
4258,H2
4259,H2
4260,H2
4261,H2
4262,H3
4263,H3
4264,H3
4265,H3
4266,H4
4267,H4
4268,H4
4269,H4
4270,H4
4271,H1
4272,H1
4273,H1
4274,H1
4275,H1
4276,H1
4277,H1
4278,H1
4279,H2
4280,H2
4281,H2
4282,H2
4283,H2
4284,H2
4285,H2
4286,H3
4287,H3
4288,H3
4289,H3
4290,H4
4291,H4
4292,H4
4293,H4
4294,H4
4295,H1
4296,H1
4297,H1
4298,H1
4299,H1
4300,H1
4301,H1
4302,H1
4303,H2
4304,H2
4305,H2
4306,H2
4307,H2
4308,H2
4309,H2
4310,H3
4311,H3
4312,H3
4313,H3
4314,H4
4315,H4
4316,H4
4317,H4
4318,H4
4319,H1
4320,H1
4321,H1
4322,H1
4323,H1
4324,H1
4325,H1
4326,H1
4327,H2
4328,H2
4329,H2
4330,H2
4331,H2
4332,H2
4333,H2
4334,H3
4335,H3
4336,H3
4337,H3
4338,H4
4339,H4
4340,H4
4341,H4
4342,H4
4343,H1
4344,H1
4345,H1
4346,H1
4347,H1
4348,H1
4349,H1
4350,H1
4351,H2
4352,H2
4353,H2
4354,H2
4355,H2
4356,H2
4357,H2
4358,H3
4359,H3
4360,H3
4361,H3
4362,H4
4363,H4
4364,H4
4365,H4
4366,H4
4367,H1
4368,H1
4369,H1
4370,H1
4371,H1
4372,H1
4373,H1
4374,H1
4375,H2
4376,H2
4377,H2
4378,H2
4379,H2
4380,H2
4381,H2
4382,H3
4383,H3
4384,H3
4385,H3
4386,H4
4387,H4
4388,H4
4389,H4
4390,H4
4391,H1
4392,H1
4393,H1
4394,H1
4395,H1
4396,H1
4397,H1
4398,H1
4399,H2
4400,H2
4401,H2
4402,H2
4403,H2
4404,H2
4405,H2
4406,H3
4407,H3
4408,H3
4409,H3
4410,H4
4411,H4
4412,H4
4413,H4
4414,H4
4415,H1
4416,H1
4417,H1
4418,H1
4419,H1
4420,H1
4421,H1
4422,H1
4423,H2
4424,H2
4425,H2
4426,H2
4427,H2
4428,H2
4429,H2
4430,H3
4431,H3
4432,H3
4433,H3
4434,H4
4435,H4
4436,H4
4437,H4
4438,H4
4439,H1
4440,H1
4441,H1
4442,H1
4443,H1
4444,H1
4445,H1
4446,H1
4447,H2
4448,H2
4449,H2
4450,H2
4451,H2
4452,H2
4453,H2
4454,H3
4455,H3
4456,H3
4457,H3
4458,H4
4459,H4
4460,H4
4461,H4
4462,H4
4463,H1
4464,H1
4465,H1
4466,H1
4467,H1
4468,H1
4469,H1
4470,H1
4471,H2
4472,H2
4473,H2
4474,H2
4475,H2
4476,H2
4477,H2
4478,H3
4479,H3
4480,H3
4481,H3
4482,H4
4483,H4
4484,H4
4485,H4
4486,H4
4487,H1
4488,H1
4489,H1
4490,H1
4491,H1
4492,H1
4493,H1
4494,H1
4495,H2
4496,H2
4497,H2
4498,H2
4499,H2
4500,H2
4501,H2
4502,H3
4503,H3
4504,H3
4505,H3
4506,H4
4507,H4
4508,H4
4509,H4
4510,H4
4511,H1
4512,H1
4513,H1
4514,H1
4515,H1
4516,H1
4517,H1
4518,H1
4519,H2
4520,H2
4521,H2
4522,H2
4523,H2
4524,H2
4525,H2
4526,H3
4527,H3
4528,H3
4529,H3
4530,H4
4531,H4
4532,H4
4533,H4
4534,H4
4535,H1
4536,H1
4537,H1
4538,H1
4539,H1
4540,H1
4541,H1
4542,H1
4543,H2
4544,H2
4545,H2
4546,H2
4547,H2
4548,H2
4549,H2
4550,H3
4551,H3
4552,H3
4553,H3
4554,H4
4555,H4
4556,H4
4557,H4
4558,H4
4559,H1
4560,H1
4561,H1
4562,H1
4563,H1
4564,H1
4565,H1
4566,H1
4567,H2
4568,H2
4569,H2
4570,H2
4571,H2
4572,H2
4573,H2
4574,H3
4575,H3
4576,H3
4577,H3
4578,H4
4579,H4
4580,H4
4581,H4
4582,H4
4583,H1
4584,H1
4585,H1
4586,H1
4587,H1
4588,H1
4589,H1
4590,H1
4591,H2
4592,H2
4593,H2
4594,H2
4595,H2
4596,H2
4597,H2
4598,H3
4599,H3
4600,H3
4601,H3
4602,H4
4603,H4
4604,H4
4605,H4
4606,H4
4607,H1
4608,H1
4609,H1
4610,H1
4611,H1
4612,H1
4613,H1
4614,H1
4615,H2
4616,H2
4617,H2
4618,H2
4619,H2
4620,H2
4621,H2
4622,H3
4623,H3
4624,H3
4625,H3
4626,H4
4627,H4
4628,H4
4629,H4
4630,H4
4631,H1
4632,H1
4633,H1
4634,H1
4635,H1
4636,H1
4637,H1
4638,H1
4639,H2
4640,H2
4641,H2
4642,H2
4643,H2
4644,H2
4645,H2
4646,H3
4647,H3
4648,H3
4649,H3
4650,H4
4651,H4
4652,H4
4653,H4
4654,H4
4655,H1
4656,H1
4657,H1
4658,H1
4659,H1
4660,H1
4661,H1
4662,H1
4663,H2
4664,H2
4665,H2
4666,H2
4667,H2
4668,H2
4669,H2
4670,H3
4671,H3
4672,H3
4673,H3
4674,H4
4675,H4
4676,H4
4677,H4
4678,H4
4679,H1
4680,H1
4681,H1
4682,H1
4683,H1
4684,H1
4685,H1
4686,H1
4687,H2
4688,H2
4689,H2
4690,H2
4691,H2
4692,H2
4693,H2
4694,H3
4695,H3
4696,H3
4697,H3
4698,H4
4699,H4
4700,H4
4701,H4
4702,H4
4703,H1
4704,H1
4705,H1
4706,H1
4707,H1
4708,H1
4709,H1
4710,H1
4711,H2
4712,H2
4713,H2
4714,H2
4715,H2
4716,H2
4717,H2
4718,H3
4719,H3
4720,H3
4721,H3
4722,H4
4723,H4
4724,H4
4725,H4
4726,H4
4727,H1
4728,H1
4729,H1
4730,H1
4731,H1
4732,H1
4733,H1
4734,H1
4735,H2
4736,H2
4737,H2
4738,H2
4739,H2
4740,H2
4741,H2
4742,H3
4743,H3
4744,H3
4745,H3
4746,H4
4747,H4
4748,H4
4749,H4
4750,H4
4751,H1
4752,H1
4753,H1
4754,H1
4755,H1
4756,H1
4757,H1
4758,H1
4759,H2
4760,H2
4761,H2
4762,H2
4763,H2
4764,H2
4765,H2
4766,H3
4767,H3
4768,H3
4769,H3
4770,H4
4771,H4
4772,H4
4773,H4
4774,H4
4775,H1
4776,H1
4777,H1
4778,H1
4779,H1
4780,H1
4781,H1
4782,H1
4783,H2
4784,H2
4785,H2
4786,H2
4787,H2
4788,H2
4789,H2
4790,H3
4791,H3
4792,H3
4793,H3
4794,H4
4795,H4
4796,H4
4797,H4
4798,H4
4799,H1
4800,H1
4801,H1
4802,H1
4803,H1
4804,H1
4805,H1
4806,H1
4807,H2
4808,H2
4809,H2
4810,H2
4811,H2
4812,H2
4813,H2
4814,H3
4815,H3
4816,H3
4817,H3
4818,H4
4819,H4
4820,H4
4821,H4
4822,H4
4823,H1
4824,H1
4825,H1
4826,H1
4827,H1
4828,H1
4829,H1
4830,H1
4831,H2
4832,H2
4833,H2
4834,H2
4835,H2
4836,H2
4837,H2
4838,H3
4839,H3
4840,H3
4841,H3
4842,H4
4843,H4
4844,H4
4845,H4
4846,H4
4847,H1
4848,H1
4849,H1
4850,H1
4851,H1
4852,H1
4853,H1
4854,H1
4855,H2
4856,H2
4857,H2
4858,H2
4859,H2
4860,H2
4861,H2
4862,H3
4863,H3
4864,H3
4865,H3
4866,H4
4867,H4
4868,H4
4869,H4
4870,H4
4871,H1
4872,H1
4873,H1
4874,H1
4875,H1
4876,H1
4877,H1
4878,H1
4879,H2
4880,H2
4881,H2
4882,H2
4883,H2
4884,H2
4885,H2
4886,H3
4887,H3
4888,H3
4889,H3
4890,H4
4891,H4
4892,H4
4893,H4
4894,H4
4895,H1
4896,H1
4897,H1
4898,H1
4899,H1
4900,H1
4901,H1
4902,H1
4903,H2
4904,H2
4905,H2
4906,H2
4907,H2
4908,H2
4909,H2
4910,H3
4911,H3
4912,H3
4913,H3
4914,H4
4915,H4
4916,H4
4917,H4
4918,H4
4919,H1
4920,H1
4921,H1
4922,H1
4923,H1
4924,H1
4925,H1
4926,H1
4927,H2
4928,H2
4929,H2
4930,H2
4931,H2
4932,H2
4933,H2
4934,H3
4935,H3
4936,H3
4937,H3
4938,H4
4939,H4
4940,H4
4941,H4
4942,H4
4943,H1
4944,H1
4945,H1
4946,H1
4947,H1
4948,H1
4949,H1
4950,H1
4951,H2
4952,H2
4953,H2
4954,H2
4955,H2
4956,H2
4957,H2
4958,H3
4959,H3
4960,H3
4961,H3
4962,H4
4963,H4
4964,H4
4965,H4
4966,H4
4967,H1
4968,H1
4969,H1
4970,H1
4971,H1
4972,H1
4973,H1
4974,H1
4975,H2
4976,H2
4977,H2
4978,H2
4979,H2
4980,H2
4981,H2
4982,H3
4983,H3
4984,H3
4985,H3
4986,H4
4987,H4
4988,H4
4989,H4
4990,H4
4991,H1
4992,H1
4993,H1
4994,H1
4995,H1
4996,H1
4997,H1
4998,H1
4999,H2
5000,H2
5001,H2
5002,H2
5003,H2
5004,H2
5005,H2
5006,H3
5007,H3
5008,H3
5009,H3
5010,H4
5011,H4
5012,H4
5013,H4
5014,H4
5015,H1
5016,H1
5017,H1
5018,H1
5019,H1
5020,H1
5021,H1
5022,H1
5023,H2
5024,H2
5025,H2
5026,H2
5027,H2
5028,H2
5029,H2
5030,H3
5031,H3
5032,H3
5033,H3
5034,H4
5035,H4
5036,H4
5037,H4
5038,H4
5039,H1
5040,H1
5041,H1
5042,H1
5043,H1
5044,H1
5045,H1
5046,H1
5047,H2
5048,H2
5049,H2
5050,H2
5051,H2
5052,H2
5053,H2
5054,H3
5055,H3
5056,H3
5057,H3
5058,H4
5059,H4
5060,H4
5061,H4
5062,H4
5063,H1
5064,H1
5065,H1
5066,H1
5067,H1
5068,H1
5069,H1
5070,H1
5071,H2
5072,H2
5073,H2
5074,H2
5075,H2
5076,H2
5077,H2
5078,H3
5079,H3
5080,H3
5081,H3
5082,H4
5083,H4
5084,H4
5085,H4
5086,H4
5087,H1
5088,H1
5089,H1
5090,H1
5091,H1
5092,H1
5093,H1
5094,H1
5095,H2
5096,H2
5097,H2
5098,H2
5099,H2
5100,H2
5101,H2
5102,H3
5103,H3
5104,H3
5105,H3
5106,H4
5107,H4
5108,H4
5109,H4
5110,H4
5111,H1
5112,H1
5113,H1
5114,H1
5115,H1
5116,H1
5117,H1
5118,H1
5119,H2
5120,H2
5121,H2
5122,H2
5123,H2
5124,H2
5125,H2
5126,H3
5127,H3
5128,H3
5129,H3
5130,H4
5131,H4
5132,H4
5133,H4
5134,H4
5135,H1
5136,H1
5137,H1
5138,H1
5139,H1
5140,H1
5141,H1
5142,H1
5143,H2
5144,H2
5145,H2
5146,H2
5147,H2
5148,H2
5149,H2
5150,H3
5151,H3
5152,H3
5153,H3
5154,H4
5155,H4
5156,H4
5157,H4
5158,H4
5159,H1
5160,H1
5161,H1
5162,H1
5163,H1
5164,H1
5165,H1
5166,H1
5167,H2
5168,H2
5169,H2
5170,H2
5171,H2
5172,H2
5173,H2
5174,H3
5175,H3
5176,H3
5177,H3
5178,H4
5179,H4
5180,H4
5181,H4
5182,H4
5183,H1
5184,H1
5185,H1
5186,H1
5187,H1
5188,H1
5189,H1
5190,H1
5191,H2
5192,H2
5193,H2
5194,H2
5195,H2
5196,H2
5197,H2
5198,H3
5199,H3
5200,H3
5201,H3
5202,H4
5203,H4
5204,H4
5205,H4
5206,H4
5207,H1
5208,H1
5209,H1
5210,H1
5211,H1
5212,H1
5213,H1
5214,H1
5215,H2
5216,H2
5217,H2
5218,H2
5219,H2
5220,H2
5221,H2
5222,H3
5223,H3
5224,H3
5225,H3
5226,H4
5227,H4
5228,H4
5229,H4
5230,H4
5231,H1
5232,H1
5233,H1
5234,H1
5235,H1
5236,H1
5237,H1
5238,H1
5239,H2
5240,H2
5241,H2
5242,H2
5243,H2
5244,H2
5245,H2
5246,H3
5247,H3
5248,H3
5249,H3
5250,H4
5251,H4
5252,H4
5253,H4
5254,H4
5255,H1
5256,H1
5257,H1
5258,H1
5259,H1
5260,H1
5261,H1
5262,H1
5263,H2
5264,H2
5265,H2
5266,H2
5267,H2
5268,H2
5269,H2
5270,H3
5271,H3
5272,H3
5273,H3
5274,H4
5275,H4
5276,H4
5277,H4
5278,H4
5279,H1
5280,H1
5281,H1
5282,H1
5283,H1
5284,H1
5285,H1
5286,H1
5287,H2
5288,H2
5289,H2
5290,H2
5291,H2
5292,H2
5293,H2
5294,H3
5295,H3
5296,H3
5297,H3
5298,H4
5299,H4
5300,H4
5301,H4
5302,H4
5303,H1
5304,H1
5305,H1
5306,H1
5307,H1
5308,H1
5309,H1
5310,H1
5311,H2
5312,H2
5313,H2
5314,H2
5315,H2
5316,H2
5317,H2
5318,H3
5319,H3
5320,H3
5321,H3
5322,H4
5323,H4
5324,H4
5325,H4
5326,H4
5327,H1
5328,H1
5329,H1
5330,H1
5331,H1
5332,H1
5333,H1
5334,H1
5335,H2
5336,H2
5337,H2
5338,H2
5339,H2
5340,H2
5341,H2
5342,H3
5343,H3
5344,H3
5345,H3
5346,H4
5347,H4
5348,H4
5349,H4
5350,H4
5351,H1
5352,H1
5353,H1
5354,H1
5355,H1
5356,H1
5357,H1
5358,H1
5359,H2
5360,H2
5361,H2
5362,H2
5363,H2
5364,H2
5365,H2
5366,H3
5367,H3
5368,H3
5369,H3
5370,H4
5371,H4
5372,H4
5373,H4
5374,H4
5375,H1
5376,H1
5377,H1
5378,H1
5379,H1
5380,H1
5381,H1
5382,H1
5383,H2
5384,H2
5385,H2
5386,H2
5387,H2
5388,H2
5389,H2
5390,H3
5391,H3
5392,H3
5393,H3
5394,H4
5395,H4
5396,H4
5397,H4
5398,H4
5399,H1
5400,H1
5401,H1
5402,H1
5403,H1
5404,H1
5405,H1
5406,H1
5407,H2
5408,H2
5409,H2
5410,H2
5411,H2
5412,H2
5413,H2
5414,H3
5415,H3
5416,H3
5417,H3
5418,H4
5419,H4
5420,H4
5421,H4
5422,H4
5423,H1
5424,H1
5425,H1
5426,H1
5427,H1
5428,H1
5429,H1
5430,H1
5431,H2
5432,H2
5433,H2
5434,H2
5435,H2
5436,H2
5437,H2
5438,H3
5439,H3
5440,H3
5441,H3
5442,H4
5443,H4
5444,H4
5445,H4
5446,H4
5447,H1
5448,H1
5449,H1
5450,H1
5451,H1
5452,H1
5453,H1
5454,H1
5455,H2
5456,H2
5457,H2
5458,H2
5459,H2
5460,H2
5461,H2
5462,H3
5463,H3
5464,H3
5465,H3
5466,H4
5467,H4
5468,H4
5469,H4
5470,H4
5471,H1
5472,H1
5473,H1
5474,H1
5475,H1
5476,H1
5477,H1
5478,H1
5479,H2
5480,H2
5481,H2
5482,H2
5483,H2
5484,H2
5485,H2
5486,H3
5487,H3
5488,H3
5489,H3
5490,H4
5491,H4
5492,H4
5493,H4
5494,H4
5495,H1
5496,H1
5497,H1
5498,H1
5499,H1
5500,H1
5501,H1
5502,H1
5503,H2
5504,H2
5505,H2
5506,H2
5507,H2
5508,H2
5509,H2
5510,H3
5511,H3
5512,H3
5513,H3
5514,H4
5515,H4
5516,H4
5517,H4
5518,H4
5519,H1
5520,H1
5521,H1
5522,H1
5523,H1
5524,H1
5525,H1
5526,H1
5527,H2
5528,H2
5529,H2
5530,H2
5531,H2
5532,H2
5533,H2
5534,H3
5535,H3
5536,H3
5537,H3
5538,H4
5539,H4
5540,H4
5541,H4
5542,H4
5543,H1
5544,H1
5545,H1
5546,H1
5547,H1
5548,H1
5549,H1
5550,H1
5551,H2
5552,H2
5553,H2
5554,H2
5555,H2
5556,H2
5557,H2
5558,H3
5559,H3
5560,H3
5561,H3
5562,H4
5563,H4
5564,H4
5565,H4
5566,H4
5567,H1
5568,H1
5569,H1
5570,H1
5571,H1
5572,H1
5573,H1
5574,H1
5575,H2
5576,H2
5577,H2
5578,H2
5579,H2
5580,H2
5581,H2
5582,H3
5583,H3
5584,H3
5585,H3
5586,H4
5587,H4
5588,H4
5589,H4
5590,H4
5591,H1
5592,H1
5593,H1
5594,H1
5595,H1
5596,H1
5597,H1
5598,H1
5599,H2
5600,H2
5601,H2
5602,H2
5603,H2
5604,H2
5605,H2
5606,H3
5607,H3
5608,H3
5609,H3
5610,H4
5611,H4
5612,H4
5613,H4
5614,H4
5615,H1
5616,H1
5617,H1
5618,H1
5619,H1
5620,H1
5621,H1
5622,H1
5623,H2
5624,H2
5625,H2
5626,H2
5627,H2
5628,H2
5629,H2
5630,H3
5631,H3
5632,H3
5633,H3
5634,H4
5635,H4
5636,H4
5637,H4
5638,H4
5639,H1
5640,H1
5641,H1
5642,H1
5643,H1
5644,H1
5645,H1
5646,H1
5647,H2
5648,H2
5649,H2
5650,H2
5651,H2
5652,H2
5653,H2
5654,H3
5655,H3
5656,H3
5657,H3
5658,H4
5659,H4
5660,H4
5661,H4
5662,H4
5663,H1
5664,H1
5665,H1
5666,H1
5667,H1
5668,H1
5669,H1
5670,H1
5671,H2
5672,H2
5673,H2
5674,H2
5675,H2
5676,H2
5677,H2
5678,H3
5679,H3
5680,H3
5681,H3
5682,H4
5683,H4
5684,H4
5685,H4
5686,H4
5687,H1
5688,H1
5689,H1
5690,H1
5691,H1
5692,H1
5693,H1
5694,H1
5695,H2
5696,H2
5697,H2
5698,H2
5699,H2
5700,H2
5701,H2
5702,H3
5703,H3
5704,H3
5705,H3
5706,H4
5707,H4
5708,H4
5709,H4
5710,H4
5711,H1
5712,H1
5713,H1
5714,H1
5715,H1
5716,H1
5717,H1
5718,H1
5719,H2
5720,H2
5721,H2
5722,H2
5723,H2
5724,H2
5725,H2
5726,H3
5727,H3
5728,H3
5729,H3
5730,H4
5731,H4
5732,H4
5733,H4
5734,H4
5735,H1
5736,H1
5737,H1
5738,H1
5739,H1
5740,H1
5741,H1
5742,H1
5743,H2
5744,H2
5745,H2
5746,H2
5747,H2
5748,H2
5749,H2
5750,H3
5751,H3
5752,H3
5753,H3
5754,H4
5755,H4
5756,H4
5757,H4
5758,H4
5759,H1
5760,H1
5761,H1
5762,H1
5763,H1
5764,H1
5765,H1
5766,H1
5767,H2
5768,H2
5769,H2
5770,H2
5771,H2
5772,H2
5773,H2
5774,H3
5775,H3
5776,H3
5777,H3
5778,H4
5779,H4
5780,H4
5781,H4
5782,H4
5783,H1
5784,H1
5785,H1
5786,H1
5787,H1
5788,H1
5789,H1
5790,H1
5791,H2
5792,H2
5793,H2
5794,H2
5795,H2
5796,H2
5797,H2
5798,H3
5799,H3
5800,H3
5801,H3
5802,H4
5803,H4
5804,H4
5805,H4
5806,H4
5807,H1
5808,H1
5809,H1
5810,H1
5811,H1
5812,H1
5813,H1
5814,H1
5815,H2
5816,H2
5817,H2
5818,H2
5819,H2
5820,H2
5821,H2
5822,H3
5823,H3
5824,H3
5825,H3
5826,H4
5827,H4
5828,H4
5829,H4
5830,H4
5831,H1
5832,H5
5833,H5
5834,H5
5835,H5
5836,H5
5837,H5
5838,H5
5839,H6
5840,H6
5841,H6
5842,H6
5843,H6
5844,H6
5845,H6
5846,H7
5847,H7
5848,H7
5849,H7
5850,H8
5851,H8
5852,H8
5853,H8
5854,H8
5855,H5
5856,H5
5857,H5
5858,H5
5859,H5
5860,H5
5861,H5
5862,H5
5863,H6
5864,H6
5865,H6
5866,H6
5867,H6
5868,H6
5869,H6
5870,H7
5871,H7
5872,H7
5873,H7
5874,H8
5875,H8
5876,H8
5877,H8
5878,H8
5879,H5
5880,H5
5881,H5
5882,H5
5883,H5
5884,H5
5885,H5
5886,H5
5887,H6
5888,H6
5889,H6
5890,H6
5891,H6
5892,H6
5893,H6
5894,H7
5895,H7
5896,H7
5897,H7
5898,H8
5899,H8
5900,H8
5901,H8
5902,H8
5903,H5
5904,H5
5905,H5
5906,H5
5907,H5
5908,H5
5909,H5
5910,H5
5911,H6
5912,H6
5913,H6
5914,H6
5915,H6
5916,H6
5917,H6
5918,H7
5919,H7
5920,H7
5921,H7
5922,H8
5923,H8
5924,H8
5925,H8
5926,H8
5927,H5
5928,H5
5929,H5
5930,H5
5931,H5
5932,H5
5933,H5
5934,H5
5935,H6
5936,H6
5937,H6
5938,H6
5939,H6
5940,H6
5941,H6
5942,H7
5943,H7
5944,H7
5945,H7
5946,H8
5947,H8
5948,H8
5949,H8
5950,H8
5951,H5
5952,H5
5953,H5
5954,H5
5955,H5
5956,H5
5957,H5
5958,H5
5959,H6
5960,H6
5961,H6
5962,H6
5963,H6
5964,H6
5965,H6
5966,H7
5967,H7
5968,H7
5969,H7
5970,H8
5971,H8
5972,H8
5973,H8
5974,H8
5975,H5
5976,H5
5977,H5
5978,H5
5979,H5
5980,H5
5981,H5
5982,H5
5983,H6
5984,H6
5985,H6
5986,H6
5987,H6
5988,H6
5989,H6
5990,H7
5991,H7
5992,H7
5993,H7
5994,H8
5995,H8
5996,H8
5997,H8
5998,H8
5999,H5
6000,H5
6001,H5
6002,H5
6003,H5
6004,H5
6005,H5
6006,H5
6007,H6
6008,H6
6009,H6
6010,H6
6011,H6
6012,H6
6013,H6
6014,H7
6015,H7
6016,H7
6017,H7
6018,H8
6019,H8
6020,H8
6021,H8
6022,H8
6023,H5
6024,H5
6025,H5
6026,H5
6027,H5
6028,H5
6029,H5
6030,H5
6031,H6
6032,H6
6033,H6
6034,H6
6035,H6
6036,H6
6037,H6
6038,H7
6039,H7
6040,H7
6041,H7
6042,H8
6043,H8
6044,H8
6045,H8
6046,H8
6047,H5
6048,H5
6049,H5
6050,H5
6051,H5
6052,H5
6053,H5
6054,H5
6055,H6
6056,H6
6057,H6
6058,H6
6059,H6
6060,H6
6061,H6
6062,H7
6063,H7
6064,H7
6065,H7
6066,H8
6067,H8
6068,H8
6069,H8
6070,H8
6071,H5
6072,H5
6073,H5
6074,H5
6075,H5
6076,H5
6077,H5
6078,H5
6079,H6
6080,H6
6081,H6
6082,H6
6083,H6
6084,H6
6085,H6
6086,H7
6087,H7
6088,H7
6089,H7
6090,H8
6091,H8
6092,H8
6093,H8
6094,H8
6095,H5
6096,H5
6097,H5
6098,H5
6099,H5
6100,H5
6101,H5
6102,H5
6103,H6
6104,H6
6105,H6
6106,H6
6107,H6
6108,H6
6109,H6
6110,H7
6111,H7
6112,H7
6113,H7
6114,H8
6115,H8
6116,H8
6117,H8
6118,H8
6119,H5
6120,H5
6121,H5
6122,H5
6123,H5
6124,H5
6125,H5
6126,H5
6127,H6
6128,H6
6129,H6
6130,H6
6131,H6
6132,H6
6133,H6
6134,H7
6135,H7
6136,H7
6137,H7
6138,H8
6139,H8
6140,H8
6141,H8
6142,H8
6143,H5
6144,H5
6145,H5
6146,H5
6147,H5
6148,H5
6149,H5
6150,H5
6151,H6
6152,H6
6153,H6
6154,H6
6155,H6
6156,H6
6157,H6
6158,H7
6159,H7
6160,H7
6161,H7
6162,H8
6163,H8
6164,H8
6165,H8
6166,H8
6167,H5
6168,H5
6169,H5
6170,H5
6171,H5
6172,H5
6173,H5
6174,H5
6175,H6
6176,H6
6177,H6
6178,H6
6179,H6
6180,H6
6181,H6
6182,H7
6183,H7
6184,H7
6185,H7
6186,H8
6187,H8
6188,H8
6189,H8
6190,H8
6191,H5
6192,H5
6193,H5
6194,H5
6195,H5
6196,H5
6197,H5
6198,H5
6199,H6
6200,H6
6201,H6
6202,H6
6203,H6
6204,H6
6205,H6
6206,H7
6207,H7
6208,H7
6209,H7
6210,H8
6211,H8
6212,H8
6213,H8
6214,H8
6215,H5
6216,H5
6217,H5
6218,H5
6219,H5
6220,H5
6221,H5
6222,H5
6223,H6
6224,H6
6225,H6
6226,H6
6227,H6
6228,H6
6229,H6
6230,H7
6231,H7
6232,H7
6233,H7
6234,H8
6235,H8
6236,H8
6237,H8
6238,H8
6239,H5
6240,H5
6241,H5
6242,H5
6243,H5
6244,H5
6245,H5
6246,H5
6247,H6
6248,H6
6249,H6
6250,H6
6251,H6
6252,H6
6253,H6
6254,H7
6255,H7
6256,H7
6257,H7
6258,H8
6259,H8
6260,H8
6261,H8
6262,H8
6263,H5
6264,H5
6265,H5
6266,H5
6267,H5
6268,H5
6269,H5
6270,H5
6271,H6
6272,H6
6273,H6
6274,H6
6275,H6
6276,H6
6277,H6
6278,H7
6279,H7
6280,H7
6281,H7
6282,H8
6283,H8
6284,H8
6285,H8
6286,H8
6287,H5
6288,H5
6289,H5
6290,H5
6291,H5
6292,H5
6293,H5
6294,H5
6295,H6
6296,H6
6297,H6
6298,H6
6299,H6
6300,H6
6301,H6
6302,H7
6303,H7
6304,H7
6305,H7
6306,H8
6307,H8
6308,H8
6309,H8
6310,H8
6311,H5
6312,H5
6313,H5
6314,H5
6315,H5
6316,H5
6317,H5
6318,H5
6319,H6
6320,H6
6321,H6
6322,H6
6323,H6
6324,H6
6325,H6
6326,H7
6327,H7
6328,H7
6329,H7
6330,H8
6331,H8
6332,H8
6333,H8
6334,H8
6335,H5
6336,H5
6337,H5
6338,H5
6339,H5
6340,H5
6341,H5
6342,H5
6343,H6
6344,H6
6345,H6
6346,H6
6347,H6
6348,H6
6349,H6
6350,H7
6351,H7
6352,H7
6353,H7
6354,H8
6355,H8
6356,H8
6357,H8
6358,H8
6359,H5
6360,H5
6361,H5
6362,H5
6363,H5
6364,H5
6365,H5
6366,H5
6367,H6
6368,H6
6369,H6
6370,H6
6371,H6
6372,H6
6373,H6
6374,H7
6375,H7
6376,H7
6377,H7
6378,H8
6379,H8
6380,H8
6381,H8
6382,H8
6383,H5
6384,H5
6385,H5
6386,H5
6387,H5
6388,H5
6389,H5
6390,H5
6391,H6
6392,H6
6393,H6
6394,H6
6395,H6
6396,H6
6397,H6
6398,H7
6399,H7
6400,H7
6401,H7
6402,H8
6403,H8
6404,H8
6405,H8
6406,H8
6407,H5
6408,H5
6409,H5
6410,H5
6411,H5
6412,H5
6413,H5
6414,H5
6415,H6
6416,H6
6417,H6
6418,H6
6419,H6
6420,H6
6421,H6
6422,H7
6423,H7
6424,H7
6425,H7
6426,H8
6427,H8
6428,H8
6429,H8
6430,H8
6431,H5
6432,H5
6433,H5
6434,H5
6435,H5
6436,H5
6437,H5
6438,H5
6439,H6
6440,H6
6441,H6
6442,H6
6443,H6
6444,H6
6445,H6
6446,H7
6447,H7
6448,H7
6449,H7
6450,H8
6451,H8
6452,H8
6453,H8
6454,H8
6455,H5
6456,H5
6457,H5
6458,H5
6459,H5
6460,H5
6461,H5
6462,H5
6463,H6
6464,H6
6465,H6
6466,H6
6467,H6
6468,H6
6469,H6
6470,H7
6471,H7
6472,H7
6473,H7
6474,H8
6475,H8
6476,H8
6477,H8
6478,H8
6479,H5
6480,H5
6481,H5
6482,H5
6483,H5
6484,H5
6485,H5
6486,H5
6487,H6
6488,H6
6489,H6
6490,H6
6491,H6
6492,H6
6493,H6
6494,H7
6495,H7
6496,H7
6497,H7
6498,H8
6499,H8
6500,H8
6501,H8
6502,H8
6503,H5
6504,H5
6505,H5
6506,H5
6507,H5
6508,H5
6509,H5
6510,H5
6511,H6
6512,H6
6513,H6
6514,H6
6515,H6
6516,H6
6517,H6
6518,H7
6519,H7
6520,H7
6521,H7
6522,H8
6523,H8
6524,H8
6525,H8
6526,H8
6527,H5
6528,H5
6529,H5
6530,H5
6531,H5
6532,H5
6533,H5
6534,H5
6535,H6
6536,H6
6537,H6
6538,H6
6539,H6
6540,H6
6541,H6
6542,H7
6543,H7
6544,H7
6545,H7
6546,H8
6547,H8
6548,H8
6549,H8
6550,H8
6551,H5
6552,H5
6553,H5
6554,H5
6555,H5
6556,H5
6557,H5
6558,H5
6559,H6
6560,H6
6561,H6
6562,H6
6563,H6
6564,H6
6565,H6
6566,H7
6567,H7
6568,H7
6569,H7
6570,H8
6571,H8
6572,H8
6573,H8
6574,H8
6575,H5
6576,H5
6577,H5
6578,H5
6579,H5
6580,H5
6581,H5
6582,H5
6583,H6
6584,H6
6585,H6
6586,H6
6587,H6
6588,H6
6589,H6
6590,H7
6591,H7
6592,H7
6593,H7
6594,H8
6595,H8
6596,H8
6597,H8
6598,H8
6599,H5
6600,H5
6601,H5
6602,H5
6603,H5
6604,H5
6605,H5
6606,H5
6607,H6
6608,H6
6609,H6
6610,H6
6611,H6
6612,H6
6613,H6
6614,H7
6615,H7
6616,H7
6617,H7
6618,H8
6619,H8
6620,H8
6621,H8
6622,H8
6623,H5
6624,H5
6625,H5
6626,H5
6627,H5
6628,H5
6629,H5
6630,H5
6631,H6
6632,H6
6633,H6
6634,H6
6635,H6
6636,H6
6637,H6
6638,H7
6639,H7
6640,H7
6641,H7
6642,H8
6643,H8
6644,H8
6645,H8
6646,H8
6647,H5
6648,H5
6649,H5
6650,H5
6651,H5
6652,H5
6653,H5
6654,H5
6655,H6
6656,H6
6657,H6
6658,H6
6659,H6
6660,H6
6661,H6
6662,H7
6663,H7
6664,H7
6665,H7
6666,H8
6667,H8
6668,H8
6669,H8
6670,H8
6671,H5
6672,H5
6673,H5
6674,H5
6675,H5
6676,H5
6677,H5
6678,H5
6679,H6
6680,H6
6681,H6
6682,H6
6683,H6
6684,H6
6685,H6
6686,H7
6687,H7
6688,H7
6689,H7
6690,H8
6691,H8
6692,H8
6693,H8
6694,H8
6695,H5
6696,H5
6697,H5
6698,H5
6699,H5
6700,H5
6701,H5
6702,H5
6703,H6
6704,H6
6705,H6
6706,H6
6707,H6
6708,H6
6709,H6
6710,H7
6711,H7
6712,H7
6713,H7
6714,H8
6715,H8
6716,H8
6717,H8
6718,H8
6719,H5
6720,H5
6721,H5
6722,H5
6723,H5
6724,H5
6725,H5
6726,H5
6727,H6
6728,H6
6729,H6
6730,H6
6731,H6
6732,H6
6733,H6
6734,H7
6735,H7
6736,H7
6737,H7
6738,H8
6739,H8
6740,H8
6741,H8
6742,H8
6743,H5
6744,H5
6745,H5
6746,H5
6747,H5
6748,H5
6749,H5
6750,H5
6751,H6
6752,H6
6753,H6
6754,H6
6755,H6
6756,H6
6757,H6
6758,H7
6759,H7
6760,H7
6761,H7
6762,H8
6763,H8
6764,H8
6765,H8
6766,H8
6767,H5
6768,H5
6769,H5
6770,H5
6771,H5
6772,H5
6773,H5
6774,H5
6775,H6
6776,H6
6777,H6
6778,H6
6779,H6
6780,H6
6781,H6
6782,H7
6783,H7
6784,H7
6785,H7
6786,H8
6787,H8
6788,H8
6789,H8
6790,H8
6791,H5
6792,H5
6793,H5
6794,H5
6795,H5
6796,H5
6797,H5
6798,H5
6799,H6
6800,H6
6801,H6
6802,H6
6803,H6
6804,H6
6805,H6
6806,H7
6807,H7
6808,H7
6809,H7
6810,H8
6811,H8
6812,H8
6813,H8
6814,H8
6815,H5
6816,H5
6817,H5
6818,H5
6819,H5
6820,H5
6821,H5
6822,H5
6823,H6
6824,H6
6825,H6
6826,H6
6827,H6
6828,H6
6829,H6
6830,H7
6831,H7
6832,H7
6833,H7
6834,H8
6835,H8
6836,H8
6837,H8
6838,H8
6839,H5
6840,H5
6841,H5
6842,H5
6843,H5
6844,H5
6845,H5
6846,H5
6847,H6
6848,H6
6849,H6
6850,H6
6851,H6
6852,H6
6853,H6
6854,H7
6855,H7
6856,H7
6857,H7
6858,H8
6859,H8
6860,H8
6861,H8
6862,H8
6863,H5
6864,H5
6865,H5
6866,H5
6867,H5
6868,H5
6869,H5
6870,H5
6871,H6
6872,H6
6873,H6
6874,H6
6875,H6
6876,H6
6877,H6
6878,H7
6879,H7
6880,H7
6881,H7
6882,H8
6883,H8
6884,H8
6885,H8
6886,H8
6887,H5
6888,H5
6889,H5
6890,H5
6891,H5
6892,H5
6893,H5
6894,H5
6895,H6
6896,H6
6897,H6
6898,H6
6899,H6
6900,H6
6901,H6
6902,H7
6903,H7
6904,H7
6905,H7
6906,H8
6907,H8
6908,H8
6909,H8
6910,H8
6911,H5
6912,H5
6913,H5
6914,H5
6915,H5
6916,H5
6917,H5
6918,H5
6919,H6
6920,H6
6921,H6
6922,H6
6923,H6
6924,H6
6925,H6
6926,H7
6927,H7
6928,H7
6929,H7
6930,H8
6931,H8
6932,H8
6933,H8
6934,H8
6935,H5
6936,H5
6937,H5
6938,H5
6939,H5
6940,H5
6941,H5
6942,H5
6943,H6
6944,H6
6945,H6
6946,H6
6947,H6
6948,H6
6949,H6
6950,H7
6951,H7
6952,H7
6953,H7
6954,H8
6955,H8
6956,H8
6957,H8
6958,H8
6959,H5
6960,H5
6961,H5
6962,H5
6963,H5
6964,H5
6965,H5
6966,H5
6967,H6
6968,H6
6969,H6
6970,H6
6971,H6
6972,H6
6973,H6
6974,H7
6975,H7
6976,H7
6977,H7
6978,H8
6979,H8
6980,H8
6981,H8
6982,H8
6983,H5
6984,H5
6985,H5
6986,H5
6987,H5
6988,H5
6989,H5
6990,H5
6991,H6
6992,H6
6993,H6
6994,H6
6995,H6
6996,H6
6997,H6
6998,H7
6999,H7
7000,H7
7001,H7
7002,H8
7003,H8
7004,H8
7005,H8
7006,H8
7007,H5
7008,H5
7009,H5
7010,H5
7011,H5
7012,H5
7013,H5
7014,H5
7015,H6
7016,H6
7017,H6
7018,H6
7019,H6
7020,H6
7021,H6
7022,H7
7023,H7
7024,H7
7025,H7
7026,H8
7027,H8
7028,H8
7029,H8
7030,H8
7031,H5
7032,H5
7033,H5
7034,H5
7035,H5
7036,H5
7037,H5
7038,H5
7039,H6
7040,H6
7041,H6
7042,H6
7043,H6
7044,H6
7045,H6
7046,H7
7047,H7
7048,H7
7049,H7
7050,H8
7051,H8
7052,H8
7053,H8
7054,H8
7055,H5
7056,H5
7057,H5
7058,H5
7059,H5
7060,H5
7061,H5
7062,H5
7063,H6
7064,H6
7065,H6
7066,H6
7067,H6
7068,H6
7069,H6
7070,H7
7071,H7
7072,H7
7073,H7
7074,H8
7075,H8
7076,H8
7077,H8
7078,H8
7079,H5
7080,H5
7081,H5
7082,H5
7083,H5
7084,H5
7085,H5
7086,H5
7087,H6
7088,H6
7089,H6
7090,H6
7091,H6
7092,H6
7093,H6
7094,H7
7095,H7
7096,H7
7097,H7
7098,H8
7099,H8
7100,H8
7101,H8
7102,H8
7103,H5
7104,H5
7105,H5
7106,H5
7107,H5
7108,H5
7109,H5
7110,H5
7111,H6
7112,H6
7113,H6
7114,H6
7115,H6
7116,H6
7117,H6
7118,H7
7119,H7
7120,H7
7121,H7
7122,H8
7123,H8
7124,H8
7125,H8
7126,H8
7127,H5
7128,H5
7129,H5
7130,H5
7131,H5
7132,H5
7133,H5
7134,H5
7135,H6
7136,H6
7137,H6
7138,H6
7139,H6
7140,H6
7141,H6
7142,H7
7143,H7
7144,H7
7145,H7
7146,H8
7147,H8
7148,H8
7149,H8
7150,H8
7151,H5
7152,H5
7153,H5
7154,H5
7155,H5
7156,H5
7157,H5
7158,H5
7159,H6
7160,H6
7161,H6
7162,H6
7163,H6
7164,H6
7165,H6
7166,H7
7167,H7
7168,H7
7169,H7
7170,H8
7171,H8
7172,H8
7173,H8
7174,H8
7175,H5
7176,H5
7177,H5
7178,H5
7179,H5
7180,H5
7181,H5
7182,H5
7183,H6
7184,H6
7185,H6
7186,H6
7187,H6
7188,H6
7189,H6
7190,H7
7191,H7
7192,H7
7193,H7
7194,H8
7195,H8
7196,H8
7197,H8
7198,H8
7199,H5
7200,H5
7201,H5
7202,H5
7203,H5
7204,H5
7205,H5
7206,H5
7207,H6
7208,H6
7209,H6
7210,H6
7211,H6
7212,H6
7213,H6
7214,H7
7215,H7
7216,H7
7217,H7
7218,H8
7219,H8
7220,H8
7221,H8
7222,H8
7223,H5
7224,H5
7225,H5
7226,H5
7227,H5
7228,H5
7229,H5
7230,H5
7231,H6
7232,H6
7233,H6
7234,H6
7235,H6
7236,H6
7237,H6
7238,H7
7239,H7
7240,H7
7241,H7
7242,H8
7243,H8
7244,H8
7245,H8
7246,H8
7247,H5
7248,H5
7249,H5
7250,H5
7251,H5
7252,H5
7253,H5
7254,H5
7255,H6
7256,H6
7257,H6
7258,H6
7259,H6
7260,H6
7261,H6
7262,H7
7263,H7
7264,H7
7265,H7
7266,H8
7267,H8
7268,H8
7269,H8
7270,H8
7271,H5
7272,H5
7273,H5
7274,H5
7275,H5
7276,H5
7277,H5
7278,H5
7279,H6
7280,H6
7281,H6
7282,H6
7283,H6
7284,H6
7285,H6
7286,H7
7287,H7
7288,H7
7289,H7
7290,H8
7291,H8
7292,H8
7293,H8
7294,H8
7295,H5
7296,H9
7297,H9
7298,H9
7299,H9
7300,H9
7301,H9
7302,H9
7303,H10
7304,H10
7305,H10
7306,H10
7307,H10
7308,H10
7309,H10
7310,H11
7311,H11
7312,H11
7313,H11
7314,H12
7315,H12
7316,H12
7317,H12
7318,H12
7319,H9
7320,H9
7321,H9
7322,H9
7323,H9
7324,H9
7325,H9
7326,H9
7327,H10
7328,H10
7329,H10
7330,H10
7331,H10
7332,H10
7333,H10
7334,H11
7335,H11
7336,H11
7337,H11
7338,H12
7339,H12
7340,H12
7341,H12
7342,H12
7343,H9
7344,H9
7345,H9
7346,H9
7347,H9
7348,H9
7349,H9
7350,H9
7351,H10
7352,H10
7353,H10
7354,H10
7355,H10
7356,H10
7357,H10
7358,H11
7359,H11
7360,H11
7361,H11
7362,H12
7363,H12
7364,H12
7365,H12
7366,H12
7367,H9
7368,H9
7369,H9
7370,H9
7371,H9
7372,H9
7373,H9
7374,H9
7375,H10
7376,H10
7377,H10
7378,H10
7379,H10
7380,H10
7381,H10
7382,H11
7383,H11
7384,H11
7385,H11
7386,H12
7387,H12
7388,H12
7389,H12
7390,H12
7391,H9
7392,H9
7393,H9
7394,H9
7395,H9
7396,H9
7397,H9
7398,H9
7399,H10
7400,H10
7401,H10
7402,H10
7403,H10
7404,H10
7405,H10
7406,H11
7407,H11
7408,H11
7409,H11
7410,H12
7411,H12
7412,H12
7413,H12
7414,H12
7415,H9
7416,H9
7417,H9
7418,H9
7419,H9
7420,H9
7421,H9
7422,H9
7423,H10
7424,H10
7425,H10
7426,H10
7427,H10
7428,H10
7429,H10
7430,H11
7431,H11
7432,H11
7433,H11
7434,H12
7435,H12
7436,H12
7437,H12
7438,H12
7439,H9
7440,H9
7441,H9
7442,H9
7443,H9
7444,H9
7445,H9
7446,H9
7447,H10
7448,H10
7449,H10
7450,H10
7451,H10
7452,H10
7453,H10
7454,H11
7455,H11
7456,H11
7457,H11
7458,H12
7459,H12
7460,H12
7461,H12
7462,H12
7463,H9
7464,H9
7465,H9
7466,H9
7467,H9
7468,H9
7469,H9
7470,H9
7471,H10
7472,H10
7473,H10
7474,H10
7475,H10
7476,H10
7477,H10
7478,H11
7479,H11
7480,H11
7481,H11
7482,H12
7483,H12
7484,H12
7485,H12
7486,H12
7487,H9
7488,H9
7489,H9
7490,H9
7491,H9
7492,H9
7493,H9
7494,H9
7495,H10
7496,H10
7497,H10
7498,H10
7499,H10
7500,H10
7501,H10
7502,H11
7503,H11
7504,H11
7505,H11
7506,H12
7507,H12
7508,H12
7509,H12
7510,H12
7511,H9
7512,H9
7513,H9
7514,H9
7515,H9
7516,H9
7517,H9
7518,H9
7519,H10
7520,H10
7521,H10
7522,H10
7523,H10
7524,H10
7525,H10
7526,H11
7527,H11
7528,H11
7529,H11
7530,H12
7531,H12
7532,H12
7533,H12
7534,H12
7535,H9
7536,H9
7537,H9
7538,H9
7539,H9
7540,H9
7541,H9
7542,H9
7543,H10
7544,H10
7545,H10
7546,H10
7547,H10
7548,H10
7549,H10
7550,H11
7551,H11
7552,H11
7553,H11
7554,H12
7555,H12
7556,H12
7557,H12
7558,H12
7559,H9
7560,H9
7561,H9
7562,H9
7563,H9
7564,H9
7565,H9
7566,H9
7567,H10
7568,H10
7569,H10
7570,H10
7571,H10
7572,H10
7573,H10
7574,H11
7575,H11
7576,H11
7577,H11
7578,H12
7579,H12
7580,H12
7581,H12
7582,H12
7583,H9
7584,H9
7585,H9
7586,H9
7587,H9
7588,H9
7589,H9
7590,H9
7591,H10
7592,H10
7593,H10
7594,H10
7595,H10
7596,H10
7597,H10
7598,H11
7599,H11
7600,H11
7601,H11
7602,H12
7603,H12
7604,H12
7605,H12
7606,H12
7607,H9
7608,H9
7609,H9
7610,H9
7611,H9
7612,H9
7613,H9
7614,H9
7615,H10
7616,H10
7617,H10
7618,H10
7619,H10
7620,H10
7621,H10
7622,H11
7623,H11
7624,H11
7625,H11
7626,H12
7627,H12
7628,H12
7629,H12
7630,H12
7631,H9
7632,H9
7633,H9
7634,H9
7635,H9
7636,H9
7637,H9
7638,H9
7639,H10
7640,H10
7641,H10
7642,H10
7643,H10
7644,H10
7645,H10
7646,H11
7647,H11
7648,H11
7649,H11
7650,H12
7651,H12
7652,H12
7653,H12
7654,H12
7655,H9
7656,H9
7657,H9
7658,H9
7659,H9
7660,H9
7661,H9
7662,H9
7663,H10
7664,H10
7665,H10
7666,H10
7667,H10
7668,H10
7669,H10
7670,H11
7671,H11
7672,H11
7673,H11
7674,H12
7675,H12
7676,H12
7677,H12
7678,H12
7679,H9
7680,H9
7681,H9
7682,H9
7683,H9
7684,H9
7685,H9
7686,H9
7687,H10
7688,H10
7689,H10
7690,H10
7691,H10
7692,H10
7693,H10
7694,H11
7695,H11
7696,H11
7697,H11
7698,H12
7699,H12
7700,H12
7701,H12
7702,H12
7703,H9
7704,H9
7705,H9
7706,H9
7707,H9
7708,H9
7709,H9
7710,H9
7711,H10
7712,H10
7713,H10
7714,H10
7715,H10
7716,H10
7717,H10
7718,H11
7719,H11
7720,H11
7721,H11
7722,H12
7723,H12
7724,H12
7725,H12
7726,H12
7727,H9
7728,H9
7729,H9
7730,H9
7731,H9
7732,H9
7733,H9
7734,H9
7735,H10
7736,H10
7737,H10
7738,H10
7739,H10
7740,H10
7741,H10
7742,H11
7743,H11
7744,H11
7745,H11
7746,H12
7747,H12
7748,H12
7749,H12
7750,H12
7751,H9
7752,H9
7753,H9
7754,H9
7755,H9
7756,H9
7757,H9
7758,H9
7759,H10
7760,H10
7761,H10
7762,H10
7763,H10
7764,H10
7765,H10
7766,H11
7767,H11
7768,H11
7769,H11
7770,H12
7771,H12
7772,H12
7773,H12
7774,H12
7775,H9
7776,H9
7777,H9
7778,H9
7779,H9
7780,H9
7781,H9
7782,H9
7783,H10
7784,H10
7785,H10
7786,H10
7787,H10
7788,H10
7789,H10
7790,H11
7791,H11
7792,H11
7793,H11
7794,H12
7795,H12
7796,H12
7797,H12
7798,H12
7799,H9
7800,H9
7801,H9
7802,H9
7803,H9
7804,H9
7805,H9
7806,H9
7807,H10
7808,H10
7809,H10
7810,H10
7811,H10
7812,H10
7813,H10
7814,H11
7815,H11
7816,H11
7817,H11
7818,H12
7819,H12
7820,H12
7821,H12
7822,H12
7823,H9
7824,H9
7825,H9
7826,H9
7827,H9
7828,H9
7829,H9
7830,H9
7831,H10
7832,H10
7833,H10
7834,H10
7835,H10
7836,H10
7837,H10
7838,H11
7839,H11
7840,H11
7841,H11
7842,H12
7843,H12
7844,H12
7845,H12
7846,H12
7847,H9
7848,H9
7849,H9
7850,H9
7851,H9
7852,H9
7853,H9
7854,H9
7855,H10
7856,H10
7857,H10
7858,H10
7859,H10
7860,H10
7861,H10
7862,H11
7863,H11
7864,H11
7865,H11
7866,H12
7867,H12
7868,H12
7869,H12
7870,H12
7871,H9
7872,H9
7873,H9
7874,H9
7875,H9
7876,H9
7877,H9
7878,H9
7879,H10
7880,H10
7881,H10
7882,H10
7883,H10
7884,H10
7885,H10
7886,H11
7887,H11
7888,H11
7889,H11
7890,H12
7891,H12
7892,H12
7893,H12
7894,H12
7895,H9
7896,H9
7897,H9
7898,H9
7899,H9
7900,H9
7901,H9
7902,H9
7903,H10
7904,H10
7905,H10
7906,H10
7907,H10
7908,H10
7909,H10
7910,H11
7911,H11
7912,H11
7913,H11
7914,H12
7915,H12
7916,H12
7917,H12
7918,H12
7919,H9
7920,H9
7921,H9
7922,H9
7923,H9
7924,H9
7925,H9
7926,H9
7927,H10
7928,H10
7929,H10
7930,H10
7931,H10
7932,H10
7933,H10
7934,H11
7935,H11
7936,H11
7937,H11
7938,H12
7939,H12
7940,H12
7941,H12
7942,H12
7943,H9
7944,H9
7945,H9
7946,H9
7947,H9
7948,H9
7949,H9
7950,H9
7951,H10
7952,H10
7953,H10
7954,H10
7955,H10
7956,H10
7957,H10
7958,H11
7959,H11
7960,H11
7961,H11
7962,H12
7963,H12
7964,H12
7965,H12
7966,H12
7967,H9
7968,H9
7969,H9
7970,H9
7971,H9
7972,H9
7973,H9
7974,H9
7975,H10
7976,H10
7977,H10
7978,H10
7979,H10
7980,H10
7981,H10
7982,H11
7983,H11
7984,H11
7985,H11
7986,H12
7987,H12
7988,H12
7989,H12
7990,H12
7991,H9
7992,H9
7993,H9
7994,H9
7995,H9
7996,H9
7997,H9
7998,H9
7999,H10
8000,H10
8001,H10
8002,H10
8003,H10
8004,H10
8005,H10
8006,H11
8007,H11
8008,H11
8009,H11
8010,H12
8011,H12
8012,H12
8013,H12
8014,H12
8015,H9
8016,H9
8017,H9
8018,H9
8019,H9
8020,H9
8021,H9
8022,H9
8023,H10
8024,H10
8025,H10
8026,H10
8027,H10
8028,H10
8029,H10
8030,H11
8031,H11
8032,H11
8033,H11
8034,H12
8035,H12
8036,H12
8037,H12
8038,H12
8039,H9
8040,H9
8041,H9
8042,H9
8043,H9
8044,H9
8045,H9
8046,H9
8047,H10
8048,H10
8049,H10
8050,H10
8051,H10
8052,H10
8053,H10
8054,H11
8055,H11
8056,H11
8057,H11
8058,H12
8059,H12
8060,H12
8061,H12
8062,H12
8063,H9
8064,H9
8065,H9
8066,H9
8067,H9
8068,H9
8069,H9
8070,H9
8071,H10
8072,H10
8073,H10
8074,H10
8075,H10
8076,H10
8077,H10
8078,H11
8079,H11
8080,H11
8081,H11
8082,H12
8083,H12
8084,H12
8085,H12
8086,H12
8087,H9
8088,H9
8089,H9
8090,H9
8091,H9
8092,H9
8093,H9
8094,H9
8095,H10
8096,H10
8097,H10
8098,H10
8099,H10
8100,H10
8101,H10
8102,H11
8103,H11
8104,H11
8105,H11
8106,H12
8107,H12
8108,H12
8109,H12
8110,H12
8111,H9
8112,H9
8113,H9
8114,H9
8115,H9
8116,H9
8117,H9
8118,H9
8119,H10
8120,H10
8121,H10
8122,H10
8123,H10
8124,H10
8125,H10
8126,H11
8127,H11
8128,H11
8129,H11
8130,H12
8131,H12
8132,H12
8133,H12
8134,H12
8135,H9
8136,H9
8137,H9
8138,H9
8139,H9
8140,H9
8141,H9
8142,H9
8143,H10
8144,H10
8145,H10
8146,H10
8147,H10
8148,H10
8149,H10
8150,H11
8151,H11
8152,H11
8153,H11
8154,H12
8155,H12
8156,H12
8157,H12
8158,H12
8159,H9
8160,H9
8161,H9
8162,H9
8163,H9
8164,H9
8165,H9
8166,H9
8167,H10
8168,H10
8169,H10
8170,H10
8171,H10
8172,H10
8173,H10
8174,H11
8175,H11
8176,H11
8177,H11
8178,H12
8179,H12
8180,H12
8181,H12
8182,H12
8183,H9
8184,H9
8185,H9
8186,H9
8187,H9
8188,H9
8189,H9
8190,H9
8191,H10
8192,H10
8193,H10
8194,H10
8195,H10
8196,H10
8197,H10
8198,H11
8199,H11
8200,H11
8201,H11
8202,H12
8203,H12
8204,H12
8205,H12
8206,H12
8207,H9
8208,H9
8209,H9
8210,H9
8211,H9
8212,H9
8213,H9
8214,H9
8215,H10
8216,H10
8217,H10
8218,H10
8219,H10
8220,H10
8221,H10
8222,H11
8223,H11
8224,H11
8225,H11
8226,H12
8227,H12
8228,H12
8229,H12
8230,H12
8231,H9
8232,H9
8233,H9
8234,H9
8235,H9
8236,H9
8237,H9
8238,H9
8239,H10
8240,H10
8241,H10
8242,H10
8243,H10
8244,H10
8245,H10
8246,H11
8247,H11
8248,H11
8249,H11
8250,H12
8251,H12
8252,H12
8253,H12
8254,H12
8255,H9
8256,H9
8257,H9
8258,H9
8259,H9
8260,H9
8261,H9
8262,H9
8263,H10
8264,H10
8265,H10
8266,H10
8267,H10
8268,H10
8269,H10
8270,H11
8271,H11
8272,H11
8273,H11
8274,H12
8275,H12
8276,H12
8277,H12
8278,H12
8279,H9
8280,H9
8281,H9
8282,H9
8283,H9
8284,H9
8285,H9
8286,H9
8287,H10
8288,H10
8289,H10
8290,H10
8291,H10
8292,H10
8293,H10
8294,H11
8295,H11
8296,H11
8297,H11
8298,H12
8299,H12
8300,H12
8301,H12
8302,H12
8303,H9
8304,H9
8305,H9
8306,H9
8307,H9
8308,H9
8309,H9
8310,H9
8311,H10
8312,H10
8313,H10
8314,H10
8315,H10
8316,H10
8317,H10
8318,H11
8319,H11
8320,H11
8321,H11
8322,H12
8323,H12
8324,H12
8325,H12
8326,H12
8327,H9
8328,H9
8329,H9
8330,H9
8331,H9
8332,H9
8333,H9
8334,H9
8335,H10
8336,H10
8337,H10
8338,H10
8339,H10
8340,H10
8341,H10
8342,H11
8343,H11
8344,H11
8345,H11
8346,H12
8347,H12
8348,H12
8349,H12
8350,H12
8351,H9
8352,H9
8353,H9
8354,H9
8355,H9
8356,H9
8357,H9
8358,H9
8359,H10
8360,H10
8361,H10
8362,H10
8363,H10
8364,H10
8365,H10
8366,H11
8367,H11
8368,H11
8369,H11
8370,H12
8371,H12
8372,H12
8373,H12
8374,H12
8375,H9
8376,H9
8377,H9
8378,H9
8379,H9
8380,H9
8381,H9
8382,H9
8383,H10
8384,H10
8385,H10
8386,H10
8387,H10
8388,H10
8389,H10
8390,H11
8391,H11
8392,H11
8393,H11
8394,H12
8395,H12
8396,H12
8397,H12
8398,H12
8399,H9
8400,H9
8401,H9
8402,H9
8403,H9
8404,H9
8405,H9
8406,H9
8407,H10
8408,H10
8409,H10
8410,H10
8411,H10
8412,H10
8413,H10
8414,H11
8415,H11
8416,H11
8417,H11
8418,H12
8419,H12
8420,H12
8421,H12
8422,H12
8423,H9
8424,H9
8425,H9
8426,H9
8427,H9
8428,H9
8429,H9
8430,H9
8431,H10
8432,H10
8433,H10
8434,H10
8435,H10
8436,H10
8437,H10
8438,H11
8439,H11
8440,H11
8441,H11
8442,H12
8443,H12
8444,H12
8445,H12
8446,H12
8447,H9
8448,H9
8449,H9
8450,H9
8451,H9
8452,H9
8453,H9
8454,H9
8455,H10
8456,H10
8457,H10
8458,H10
8459,H10
8460,H10
8461,H10
8462,H11
8463,H11
8464,H11
8465,H11
8466,H12
8467,H12
8468,H12
8469,H12
8470,H12
8471,H9
8472,H9
8473,H9
8474,H9
8475,H9
8476,H9
8477,H9
8478,H9
8479,H10
8480,H10
8481,H10
8482,H10
8483,H10
8484,H10
8485,H10
8486,H11
8487,H11
8488,H11
8489,H11
8490,H12
8491,H12
8492,H12
8493,H12
8494,H12
8495,H9
8496,H9
8497,H9
8498,H9
8499,H9
8500,H9
8501,H9
8502,H9
8503,H10
8504,H10
8505,H10
8506,H10
8507,H10
8508,H10
8509,H10
8510,H11
8511,H11
8512,H11
8513,H11
8514,H12
8515,H12
8516,H12
8517,H12
8518,H12
8519,H9
8520,H9
8521,H9
8522,H9
8523,H9
8524,H9
8525,H9
8526,H9
8527,H10
8528,H10
8529,H10
8530,H10
8531,H10
8532,H10
8533,H10
8534,H11
8535,H11
8536,H11
8537,H11
8538,H12
8539,H12
8540,H12
8541,H12
8542,H12
8543,H9
8544,H9
8545,H9
8546,H9
8547,H9
8548,H9
8549,H9
8550,H9
8551,H10
8552,H10
8553,H10
8554,H10
8555,H10
8556,H10
8557,H10
8558,H11
8559,H11
8560,H11
8561,H11
8562,H12
8563,H12
8564,H12
8565,H12
8566,H12
8567,H9
8568,H9
8569,H9
8570,H9
8571,H9
8572,H9
8573,H9
8574,H9
8575,H10
8576,H10
8577,H10
8578,H10
8579,H10
8580,H10
8581,H10
8582,H11
8583,H11
8584,H11
8585,H11
8586,H12
8587,H12
8588,H12
8589,H12
8590,H12
8591,H9
8592,H9
8593,H9
8594,H9
8595,H9
8596,H9
8597,H9
8598,H9
8599,H10
8600,H10
8601,H10
8602,H10
8603,H10
8604,H10
8605,H10
8606,H11
8607,H11
8608,H11
8609,H11
8610,H12
8611,H12
8612,H12
8613,H12
8614,H12
8615,H9
8616,H9
8617,H9
8618,H9
8619,H9
8620,H9
8621,H9
8622,H9
8623,H10
8624,H10
8625,H10
8626,H10
8627,H10
8628,H10
8629,H10
8630,H11
8631,H11
8632,H11
8633,H11
8634,H12
8635,H12
8636,H12
8637,H12
8638,H12
8639,H9
8640,H9
8641,H9
8642,H9
8643,H9
8644,H9
8645,H9
8646,H9
8647,H10
8648,H10
8649,H10
8650,H10
8651,H10
8652,H10
8653,H10
8654,H11
8655,H11
8656,H11
8657,H11
8658,H12
8659,H12
8660,H12
8661,H12
8662,H12
8663,H9
8664,H9
8665,H9
8666,H9
8667,H9
8668,H9
8669,H9
8670,H9
8671,H10
8672,H10
8673,H10
8674,H10
8675,H10
8676,H10
8677,H10
8678,H11
8679,H11
8680,H11
8681,H11
8682,H12
8683,H12
8684,H12
8685,H12
8686,H12
8687,H9
8688,H9
8689,H9
8690,H9
8691,H9
8692,H9
8693,H9
8694,H9
8695,H10
8696,H10
8697,H10
8698,H10
8699,H10
8700,H10
8701,H10
8702,H11
8703,H11
8704,H11
8705,H11
8706,H12
8707,H12
8708,H12
8709,H12
8710,H12
8711,H9
8712,H9
8713,H9
8714,H9
8715,H9
8716,H9
8717,H9
8718,H9
8719,H10
8720,H10
8721,H10
8722,H10
8723,H10
8724,H10
8725,H10
8726,H11
8727,H11
8728,H11
8729,H11
8730,H12
8731,H12
8732,H12
8733,H12
8734,H12
8735,H9
8736,H9
8737,H9
8738,H9
8739,H9
8740,H9
8741,H9
8742,H9
8743,H10
8744,H10
8745,H10
8746,H10
8747,H10
8748,H10
8749,H10
8750,H11
8751,H11
8752,H11
8753,H11
8754,H12
8755,H12
8756,H12
8757,H12
8758,H12
8759,H9
